Unnamed: 0,Date,Open,High,Low,Close,Volume,Dividends,Stock Splits,Return (%)
0,2022-01-19 05:00:00+00:00,37.0056399390811,41.87480308896019,37.0056399390811,40.900970458984375,129900,0.0,0.0,0.0
1,2022-01-20 05:00:00+00:00,39.87844644457445,47.10428268599693,39.87844644457445,43.82246780395508,153400,0.0,0.0,7.142855810476156
2,2022-01-21 05:00:00+00:00,41.87480256822374,48.64294000536546,41.826111680305786,43.82246780395508,329500,0.0,0.0,0.0
3,2022-01-24 05:00:00+00:00,43.74455471061066,43.82246309480869,40.78410669373396,41.68003082275391,110000,0.0,0.0,-4.888900804914975
4,2022-01-25 05:00:00+00:00,41.38788410669317,43.744557136215946,40.248501786190765,40.8016357421875,23500,0.0,0.0,-2.107472243247188
5,2022-01-26 05:00:00+00:00,43.83220004942877,43.88089464728397,41.14442393130226,42.08904266357422,90500,0.0,0.0,3.1552826203376627
6,2022-01-27 05:00:00+00:00,46.02332513338448,48.32157056848233,42.60517448364244,44.56257629394531,151600,0.0,0.0,5.876906372384183
7,2022-01-28 05:00:00+00:00,43.38423634449893,46.3544246726078,42.994705580495534,45.526668548583984,43600,0.0,0.0,2.163457175992911
8,2022-01-31 05:00:00+00:00,44.79630359013876,46.74396896362305,44.79630359013876,46.74396896362305,71300,0.0,0.0,2.673818343944978
9,2022-02-01 05:00:00+00:00,46.25704565713029,48.69162700750556,45.81882027108747,48.47738265991211,298800,0.0,0.0,3.7083151788801514
10,2022-02-02 05:00:00+00:00,48.72570971038636,54.75860184002528,48.49685847511758,51.622859954833984,23860900,0.0,0.0,6.488546044221555
11,2022-02-03 05:00:00+00:00,50.82432646523566,55.08971466338835,48.98378328596396,52.2169075012207,8425500,0.0,0.0,1.1507451290115656
12,2022-02-04 05:00:00+00:00,51.223592028911824,52.90832565505087,48.8084876854031,48.82796478271485,6757800,0.0,0.0,-6.490125288301741
13,2022-02-07 05:00:00+00:00,48.69163417922404,48.73058837813787,44.796303444886114,44.86447143554688,9432500,0.0,0.0,-8.11726100976269
14,2022-02-08 05:00:00+00:00,43.94906636974857,46.31547988986994,43.01418424849424,44.309383392333984,7277500,0.0,0.0,-1.23725528341585
15,2022-02-09 05:00:00+00:00,43.57900869962207,46.20835745352429,42.73177538071105,46.072021484375,4393100,0.0,0.0,3.978024420773085
16,2022-02-10 05:00:00+00:00,44.319114237797976,47.2308749683291,44.19251869094416,45.81881713867188,2450000,0.0,0.0,-0.5495837550540061
17,2022-02-11 05:00:00+00:00,45.53640873454558,47.63015021821953,44.85472891649024,46.83160781860352,3456800,0.0,0.0,2.210425199032096
18,2022-02-14 05:00:00+00:00,46.92899033691516,47.71779605808806,45.76039422167948,46.8510856628418,2155000,0.0,0.0,0.0415912353761482
19,2022-02-15 05:00:00+00:00,46.451819900575785,47.1821944156324,45.96490355720471,46.74396896362305,2359800,0.0,0.0,-0.2286322669011409
20,2022-02-16 05:00:00+00:00,46.47129052812843,47.20166494146719,45.72143901798213,45.96489715576172,5855300,0.0,0.0,-1.6666787719023524
21,2022-02-17 05:00:00+00:00,45.1079238185523,45.848038643441896,44.00749198713499,44.10487747192383,3142600,0.0,0.0,-4.0466090406660165
22,2022-02-18 05:00:00+00:00,43.968542074002,44.69891650237495,43.62769844516876,44.22173690795898,2018700,0.0,0.0,0.2649580788644856
23,2022-02-22 05:00:00+00:00,44.221734882398266,44.48467011035405,42.35197821454776,42.40066909790039,2611100,0.0,0.0,-4.118037728479251
24,2022-02-23 05:00:00+00:00,42.54674234358392,42.83889507754224,41.07625684244128,41.96244430541992,2791200,0.0,0.0,-1.0335327290912244
25,2022-02-24 05:00:00+00:00,42.15883321224043,43.56575464404779,41.25019528948801,43.30195617675781,2447900,0.141,0.0,3.192168362711123
26,2022-02-25 05:00:00+00:00,43.28240811385734,43.897937771011776,42.73527395378401,42.9013671875,2040700,0.0,0.0,-0.9251059874122448
27,2022-02-28 05:00:00+00:00,42.3053808732368,45.54911884236715,41.48467586134405,44.92382049560547,5534900,0.0,0.0,4.714193138102929
28,2022-03-01 05:00:00+00:00,44.57208931309838,46.94627153951336,44.30829087382203,46.69224548339844,4212900,0.0,0.0,3.9364973154185856
29,2022-03-02 05:00:00+00:00,46.89742814123666,49.1445958275897,46.242819995760144,48.32389068603516,3517100,0.0,0.0,3.4944671984491693
30,2022-03-03 05:00:00+00:00,48.67561546537723,49.17390265971164,46.45482829762293,48.38250732421875,2072200,0.0,0.0,0.1212995008295747
31,2022-03-04 05:00:00+00:00,48.040551658504064,49.86759999883647,47.14168606552423,49.82851791381836,2544600,0.0,0.0,2.988705359789789
32,2022-03-07 05:00:00+00:00,49.88713346350493,51.37221892495401,48.724465836798124,50.46358108520508,2726900,0.0,0.0,1.2744974122752328
33,2022-03-08 05:00:00+00:00,50.004373834024136,54.04927566908092,49.68195228600585,51.1181869506836,3873700,0.0,0.0,1.2971847249073631
34,2022-03-09 05:00:00+00:00,51.235435959437055,52.4469544234044,49.42793251115109,50.15093612670898,3050600,0.0,0.0,-1.892185309521599
35,2022-03-10 05:00:00+00:00,49.40838685346993,50.45380823322091,48.138249111695785,50.14115905761719,2692700,0.0,0.0,-0.0194952873204368
36,2022-03-11 05:00:00+00:00,50.23887205234479,50.64922651888178,47.18077136898801,48.187110900878906,3034100,0.0,0.0,-3.897094110833943
37,2022-03-14 04:00:00+00:00,50.66875994823588,50.66875994823588,47.47387243811161,49.7796630859375,2916600,0.0,0.0,3.304933944544808
38,2022-03-15 04:00:00+00:00,50.16070147472921,50.404958882820594,48.75378014586887,50.11185073852539,2117400,0.0,0.0,0.6673159921038785
39,2022-03-16 04:00:00+00:00,50.522206494756055,51.196359394462455,49.19344546428433,50.58082962036133,2989800,0.0,0.0,0.9358642215850032
40,2022-03-17 04:00:00+00:00,50.68830047194428,51.49923316234662,49.74058049659967,49.81874465942383,2244600,0.0,0.0,-1.5066675787198336
41,2022-03-18 04:00:00+00:00,49.48655183374302,50.2290927063804,47.75720895595224,47.884220123291016,9663900,0.0,0.0,-3.883125818118893
42,2022-03-21 04:00:00+00:00,47.78651312624929,48.2945689180731,47.48363263677592,48.089393615722656,2452000,0.0,0.0,0.4284783001651915
43,2022-03-22 04:00:00+00:00,49.19345086170669,50.85440233203314,48.8612605676414,49.96530532836914,3841900,0.0,0.0,3.9008845227633815
44,2022-03-23 04:00:00+00:00,49.53540515979488,50.58082661159728,49.53540515979488,49.81874465942383,2396200,0.0,0.0,-0.2933248740943805
45,2022-03-24 04:00:00+00:00,50.00438106565728,51.3722241562223,49.60086582584084,51.20612716674805,2335200,0.0,0.0,2.7848604311665914
46,2022-03-25 04:00:00+00:00,51.04002987718059,52.58373476557476,50.83485082083409,52.56419372558594,2441200,0.0,0.0,2.652156360928193
47,2022-03-28 04:00:00+00:00,53.1308734160882,55.5441341174292,52.80845184256005,55.47574234008789,3127000,0.0,0.0,5.539034099337359
48,2022-03-29 04:00:00+00:00,55.690687452714144,56.071728402111695,53.37512833378676,55.03607940673828,2201300,0.0,0.0,-0.7925318613211219
49,2022-03-30 04:00:00+00:00,54.87975557901006,56.46254635109343,54.42055416179102,56.17920684814453,1934100,0.0,0.0,2.0770510067733783
50,2022-03-31 04:00:00+00:00,56.99991623252475,57.7229198933786,54.498718710223,54.95792388916016,3817600,0.0,0.0,-2.1739056627936404
51,2022-04-01 04:00:00+00:00,55.065394340214986,56.96083061137048,54.4205548890324,56.68726348876953,2156500,0.0,0.0,3.14666107674868
52,2022-04-04 04:00:00+00:00,57.01945279457536,57.35164303528613,56.20851637013606,57.03899383544922,1885100,0.0,0.0,0.6204750856413588
53,2022-04-05 04:00:00+00:00,57.30278601293389,58.93442361271877,57.1073793526956,57.64474487304688,2143100,0.0,0.0,1.0619946055591134
54,2022-04-06 04:00:00+00:00,57.54705066880653,58.69994600992671,57.02922239476516,58.2309684753418,2559400,0.0,0.0,1.0169593144804034
55,2022-04-07 04:00:00+00:00,58.38729760138845,59.66720794591417,57.98671554349457,59.51088333129883,3925800,0.0,0.0,2.1979968554000973
56,2022-04-08 04:00:00+00:00,59.81375977320011,63.40922938819662,59.50111056555455,62.5494384765625,4762100,0.0,0.0,5.105881437430448
57,2022-04-11 04:00:00+00:00,62.705763293565646,63.176693791731054,59.022361062386494,59.28615951538086,3487700,0.0,0.0,-5.217119514836899
58,2022-04-12 04:00:00+00:00,59.598807288975934,61.75804187166936,59.48156477723359,60.448822021484375,2553000,0.0,0.0,1.9611027524929936
59,2022-04-13 04:00:00+00:00,60.61491969135366,63.06726617213293,60.33158020157765,62.72529983520508,3405700,0.0,0.0,3.76595893450431
60,2022-04-14 04:00:00+00:00,62.64714887336592,63.23336521962239,60.75268530782623,61.11320877075195,1860100,0.0,0.0,-2.570081081618558
61,2022-04-18 04:00:00+00:00,60.85917655295739,62.69598957403922,60.85917655295739,61.85574722290039,1216800,0.0,0.0,1.215021215681622
62,2022-04-19 04:00:00+00:00,62.16840091100657,65.35351609598558,61.43562863534148,65.17765045166016,2078800,0.0,0.0,5.370403524169087
63,2022-04-20 04:00:00+00:00,66.26215023336071,67.10239632448899,63.57043624456798,63.90751266479492,2182800,0.0,0.0,-1.9487320854059464
64,2022-04-21 04:00:00+00:00,63.50692671617556,64.77706823215692,60.72239372791063,61.230445861816406,2493700,0.0,0.0,-4.188970422022454
65,2022-04-22 04:00:00+00:00,61.064355830657504,62.97542716303012,60.85918048956389,60.99596405029297,2030500,0.0,0.0,-0.3829497045515717
66,2022-04-25 04:00:00+00:00,60.927566755170346,61.39654051825271,58.074638370912425,60.83963394165039,2261600,0.0,0.0,-0.2562958239559543
67,2022-04-26 04:00:00+00:00,60.38042884612408,60.79078321831886,58.53384348892799,58.57292556762695,2136500,0.0,0.0,-3.725710079382427
68,2022-04-27 04:00:00+00:00,58.631548819632506,59.7844441276677,58.35798170486905,58.70971298217773,1991600,0.0,0.0,0.2335335194975751
69,2022-04-28 04:00:00+00:00,58.83672518224279,59.94076597447687,57.44934117732359,59.90168762207031,3354600,0.0,0.0,2.0302852447165343
70,2022-04-29 04:00:00+00:00,60.087328800881046,60.43906010238857,57.79131041070084,57.84992980957031,2578400,0.0,0.0,-3.425208694360804
71,2022-05-02 04:00:00+00:00,57.93786371629596,58.6120166324586,55.5929945409358,56.86313247680664,2488200,0.0,0.0,-1.7057882974309546
72,2022-05-03 04:00:00+00:00,57.107387181335234,59.06144659744886,57.107387181335234,58.32867431640625,2224200,0.0,0.0,2.577314642659512
73,2022-05-04 04:00:00+00:00,58.73901914148167,60.86405779896992,58.468381521932784,60.39020156860352,2628900,0.0,0.0,3.534329000886305
74,2022-05-05 04:00:00+00:00,59.81375563281287,60.56606890134406,57.81084189319511,58.77810287475586,1946800,0.0,0.0,-2.669470629297888
75,2022-05-06 04:00:00+00:00,58.87581339986883,59.82353348713201,57.35164931552971,58.88558578491211,2861000,0.0,0.0,0.1828621627773197
76,2022-05-09 04:00:00+00:00,59.17868598548152,59.17868598548152,55.270567360178745,56.29644775390625,2193700,0.0,0.0,-4.396896110472692
77,2022-05-10 04:00:00+00:00,56.91197950683669,58.49476656284567,55.43178012114498,55.729774475097656,2156200,0.0,0.0,-1.0065879845310044
78,2022-05-11 04:00:00+00:00,55.79817040402289,57.67406576142557,55.23149135205369,56.05219650268555,1877000,0.0,0.0,0.5785453657846107
79,2022-05-12 04:00:00+00:00,56.1315328749831,56.660425987726335,51.98851503033762,52.3704948425293,3785600,0.141,0.0,-6.568345024587674
80,2022-05-13 04:00:00+00:00,53.40868474004782,54.75149467532831,52.527193907491366,53.48704147338867,2317500,0.0,0.0,2.132014666305282
81,2022-05-16 04:00:00+00:00,53.300950694506206,55.95522735328516,53.222597690665815,55.42633056640625,1631900,0.0,0.0,3.6257176310311214
82,2022-05-17 04:00:00+00:00,55.68098649023035,58.25690659354712,54.828877430019176,58.100196838378906,2215100,0.0,0.0,4.824180573832315
83,2022-05-18 04:00:00+00:00,58.19813266642107,59.015965231218,55.7593371349446,56.10213851928711,4609100,0.0,0.0,-3.4389871770140856
84,2022-05-19 04:00:00+00:00,55.95522706213367,56.3274103668852,53.79066883144875,56.05316925048828,2181100,0.0,0.0,-0.0872859218762123
85,2022-05-20 04:00:00+00:00,56.32741235634322,57.72800736956154,54.3489531806658,55.48509979248047,2266200,0.0,0.0,-1.013447527773581
86,2022-05-23 04:00:00+00:00,56.31762140813555,56.40577087805067,54.71134549968696,55.436126708984375,1581800,0.0,0.0,-0.0882634863760833
87,2022-05-24 04:00:00+00:00,55.38715291679333,56.180498107430935,53.93758683246869,55.612422943115234,1682300,0.0,0.0,0.3180168684156825
88,2022-05-25 04:00:00+00:00,55.71037000352767,58.11978379802097,55.71037000352767,57.95327758789063,1974700,0.0,0.0,4.209229738416198
89,2022-05-26 04:00:00+00:00,57.96307648243969,61.74664023969992,57.95328002106211,61.1854248046875,3260100,0.0,0.0,5.577160345927057
90,2022-05-27 04:00:00+00:00,61.11686707338824,65.26967764221462,60.72509079953422,65.23049926757812,2793800,0.0,0.0,6.611173291356676
91,2022-05-31 04:00:00+00:00,64.19229062319576,65.02481043274504,60.10803710635046,60.80344009399414,7389300,0.0,0.0,-6.786793330254937
92,2022-06-01 04:00:00+00:00,61.097270777784914,62.60560066325059,60.87200075421702,62.341156005859375,2008600,0.0,0.0,2.5289949211559914
93,2022-06-02 04:00:00+00:00,62.38032699177617,62.80148884110682,60.70549099954695,62.43909454345703,1758500,0.0,0.0,0.1571009327906214
94,2022-06-03 04:00:00+00:00,61.95917086465886,64.46653043958803,61.822050309263226,63.82989501953125,1793500,0.0,0.0,2.22745138481506
95,2022-06-06 04:00:00+00:00,64.22168795661243,65.56351942374965,64.04049449106357,65.02482604980469,2033200,0.0,0.0,1.8720554528685929
96,2022-06-07 04:00:00+00:00,64.17269993886494,65.32843573543916,63.8210884419393,65.18152618408203,2721700,0.0,0.0,0.2409850879990349
97,2022-06-08 04:00:00+00:00,65.07378702223066,65.10316893227218,61.83184968788472,63.4381217956543,1922200,0.0,0.0,-2.6746909599878133
98,2022-06-09 04:00:00+00:00,62.93861764323039,63.13450203533704,59.902360994258494,59.95133209228516,1811000,0.0,0.0,-5.496363392662717
99,2022-06-10 04:00:00+00:00,58.61929543747076,59.80441689503115,57.992456435664856,58.56053161621094,1540800,0.0,0.0,-2.3198825239334475
100,2022-06-13 04:00:00+00:00,57.07178286222476,57.77697855478856,54.06491218102229,54.33915328979492,2113200,0.0,0.0,-7.208572412015879
101,2022-06-14 04:00:00+00:00,54.87785006679753,55.31859743314694,52.22357687959552,53.3205451965332,2330400,0.0,0.0,-1.8745380293826108
102,2022-06-15 04:00:00+00:00,54.55463138001684,58.33035985607042,54.53504219535287,57.00322341918945,3891700,0.0,0.0,6.906677733849742
103,2022-06-16 04:00:00+00:00,55.171679160886704,57.150138295888674,54.92681995013096,57.061988830566406,4837000,0.0,0.0,0.1030913829991764
104,2022-06-17 04:00:00+00:00,57.346028408855176,58.27649418938206,54.34405572549602,56.90528106689453,6478700,0.0,0.0,-0.2746272376470848
105,2022-06-21 04:00:00+00:00,56.90527868957388,59.68687945387392,56.90527868957388,59.13839721679688,4363600,0.0,0.0,3.9242687287269984
106,2022-06-22 04:00:00+00:00,58.061018628067934,59.18737256516823,57.65455515138,57.99245834350586,3233400,0.0,0.0,-1.937723927637225
107,2022-06-23 04:00:00+00:00,58.64867654036766,59.97091472384153,56.6016534820512,57.4439697265625,2667600,0.0,0.0,-0.945793009315976
108,2022-06-24 04:00:00+00:00,57.630068994183794,59.099224386214736,56.7877526382852,58.06101989746094,6473700,0.0,0.0,1.074177452978331
109,2022-06-27 04:00:00+00:00,57.90430886597566,58.63986544473445,57.218702284176416,58.19813919067383,1718900,0.0,0.0,0.2361641139874137
110,2022-06-28 04:00:00+00:00,58.609495834402445,59.65749286810399,56.64082959187802,56.88568878173828,1401700,0.0,0.0,-2.2551415340541725
111,2022-06-29 04:00:00+00:00,56.76816251265154,56.959152411556914,55.16188657506008,56.13153076171875,1412200,0.0,0.0,-1.325742970104693
112,2022-06-30 04:00:00+00:00,55.72995593598291,57.62418487172532,55.38715081102225,56.082550048828125,2424400,0.0,0.0,-0.0872606042022106
113,2022-07-01 04:00:00+00:00,55.55365992880157,56.895487381671366,55.45571400098856,56.41556167602539,1531900,0.0,0.0,0.5937883118854792
114,2022-07-05 04:00:00+00:00,55.974823082411966,56.19029667035564,51.80241959090514,53.81026458740234,2696000,0.0,0.0,-4.618046884978922
115,2022-07-06 04:00:00+00:00,53.99635878774581,56.04338211296116,53.43808003871029,55.59283828735352,1716600,0.0,0.0,3.3127019791099555
116,2022-07-07 04:00:00+00:00,56.38618226240256,58.66827204204508,56.38618226240256,57.89451599121094,1872100,0.0,0.0,4.140241395771671
117,2022-07-08 04:00:00+00:00,57.728009287497166,58.580122076859816,56.23926475768277,58.42341232299805,2096000,0.0,0.0,0.9135516943736156
118,2022-07-11 04:00:00+00:00,58.42340542714625,58.90332735708992,57.2089021758768,58.6094970703125,1774700,0.0,0.0,0.3185105763519491
119,2022-07-12 04:00:00+00:00,58.1883495801687,59.853393157589,57.70842382634398,58.01205062866211,1808400,0.0,0.0,-1.0193679719408766
120,2022-07-13 04:00:00+00:00,56.95425836698348,59.0404563155449,56.95425836698348,58.58991622924805,1577200,0.0,0.0,0.99611303914231
121,2022-07-14 04:00:00+00:00,57.09137150653903,57.75738882404792,55.91604660880246,56.72897720336914,2608600,0.0,0.0,-3.17621042262205
122,2022-07-15 04:00:00+00:00,53.82984304955728,55.481174222188585,51.55755008143947,54.51544952392578,5186100,0.0,0.0,-3.9019347581537134
123,2022-07-18 04:00:00+00:00,55.17167823205512,55.50468316627185,53.467456509934,53.68293380737305,2583100,0.0,0.0,-1.5271188696469595
124,2022-07-19 04:00:00+00:00,54.29997704850288,54.358744603937325,53.05609181371983,53.86902618408203,2326200,0.0,0.0,0.3466509065557455
125,2022-07-20 04:00:00+00:00,54.02573135597032,54.206928501031136,52.2725386645864,52.95814514160156,2803600,0.0,0.0,-1.6909179671594443
126,2022-07-21 04:00:00+00:00,52.75247247021923,53.72701114766701,52.213782917993306,53.04630279541016,1816800,0.0,0.0,0.1664666569663353
127,2022-07-22 04:00:00+00:00,53.66334724451008,54.45668872156239,52.32151603649254,52.889591217041016,1503100,0.0,0.0,-0.2954241296958204
128,2022-07-25 04:00:00+00:00,52.87000156311097,53.92779517148895,52.27254447722213,53.82984924316406,1847700,0.0,0.0,1.7777751812536158
129,2022-07-26 04:00:00+00:00,54.26080338373258,55.50468490448013,53.7612884942545,54.35874557495117,1993500,0.0,0.0,0.982533555681986
130,2022-07-27 04:00:00+00:00,53.89840795469843,54.613396397493,53.06588813759304,54.388126373291016,1557200,0.0,0.0,0.054049809334411
131,2022-07-28 04:00:00+00:00,61.29315908367378,64.58406745544889,60.91117557859754,63.26182174682617,8460600,0.0,0.0,16.315501130946952
132,2022-07-29 04:00:00+00:00,62.53702834982054,65.2304791262009,62.33134755087071,64.74076080322266,3895200,0.0,0.0,2.33780661947296
133,2022-08-01 04:00:00+00:00,64.69181111394686,65.23049693276778,62.81128656125983,63.95723342895508,2735200,0.0,0.0,-1.2102535783431456
134,2022-08-02 04:00:00+00:00,63.95722521251362,65.41658393358044,63.65359472708319,64.48611450195312,1722900,0.0,0.0,0.8269292535699524
135,2022-08-03 04:00:00+00:00,65.25987577796563,65.99445342843917,64.19229317941569,65.78877258300781,2286700,0.0,0.0,2.0200598084029853
136,2022-08-04 04:00:00+00:00,64.16291590129244,66.9641061417999,64.16291590129244,66.07281494140625,2425900,0.0,0.0,0.431748985801561
137,2022-08-05 04:00:00+00:00,68.32551904588477,74.41761765334537,68.3157225847525,72.77216339111328,4216800,0.0,0.0,10.13934165760617
138,2022-08-08 04:00:00+00:00,75.42643207951308,76.03367812936317,73.42838005732287,74.32946014404297,3183600,0.0,0.0,2.1399621508570776
139,2022-08-09 04:00:00+00:00,74.1923381464078,75.19136040186105,73.47734598923776,74.16295623779297,2945700,0.0,0.0,-0.2240079585232202
140,2022-08-10 04:00:00+00:00,74.48618245803927,75.61252896378325,73.94748915071843,75.5341796875,2134600,0.0,0.0,1.848933105242456
141,2022-08-11 04:00:00+00:00,75.53417117709492,78.41371038198825,75.10321657979374,77.2090072631836,2540200,0.0,0.0,2.2173108685534126
142,2022-08-12 04:00:00+00:00,78.15193667204014,80.14375503995795,77.5534090115653,79.9671401977539,2170800,0.141,0.0,3.572294259876463
143,2022-08-15 04:00:00+00:00,78.74065354504717,80.8796522834639,78.74065354504717,79.67278289794922,1980100,0.0,0.0,-0.3680978200255258
144,2022-08-16 04:00:00+00:00,79.57467320615675,80.56567926583881,79.37843779187769,79.86903381347656,1878800,0.0,0.0,0.2463211505724816
145,2022-08-17 04:00:00+00:00,78.9074558095076,79.91808233290634,77.61228271874114,78.20099639892578,2502200,0.0,0.0,-2.0884657481224367
146,2022-08-18 04:00:00+00:00,77.92624823342028,80.59999429770922,77.92624823342028,80.06524658203125,1939600,0.0,0.0,2.383921265651634
147,2022-08-19 04:00:00+00:00,78.79951147219259,79.7512687208847,78.34816414015394,79.31954193115234,1704000,0.0,0.0,-0.9313712037530396
148,2022-08-22 04:00:00+00:00,79.2312490271684,79.2312490271684,78.02437964911938,78.15193939208984,1724600,0.0,0.0,-1.4720238047717826
149,2022-08-23 04:00:00+00:00,78.76026989592803,79.3686115640379,78.10287312474642,78.25005340576172,1065800,0.0,0.0,0.125542647354715
150,2022-08-24 04:00:00+00:00,78.16176062460171,79.29503622037035,77.81833742572543,78.85840606689453,1430200,0.0,0.0,0.7774469596566691
151,2022-08-25 04:00:00+00:00,78.50516533088955,81.27212616533984,78.26477062256053,81.1838150024414,1551700,0.0,0.0,2.9488409055266285
152,2022-08-26 04:00:00+00:00,81.18381067938452,81.66460007044044,79.08406074236777,79.30973815917969,1641000,0.0,0.0,-2.308436531598524
153,2022-08-29 04:00:00+00:00,78.15193211546608,80.44791744435335,77.66133619193634,79.4765396118164,1191200,0.0,0.0,0.210316483837003
154,2022-08-30 04:00:00+00:00,80.04564490218657,80.04564490218657,77.49454720747556,78.19119262695312,1802800,0.0,0.0,-1.6172659141191148
155,2022-08-31 04:00:00+00:00,78.7504707890702,80.84040702158336,78.0734459241304,80.05545043945312,3016500,0.0,0.0,2.3842299239433373
156,2022-09-01 04:00:00+00:00,80.05545527206043,81.38007052010417,79.63354987963018,80.96796417236328,2421100,0.0,0.0,1.13985209988956
157,2022-09-02 04:00:00+00:00,81.02682114465506,82.11594464830206,79.43728772384337,79.54521942138672,2232200,0.0,0.0,-1.7571699690359543
158,2022-09-06 04:00:00+00:00,80.16336473678962,81.14455650828471,79.55503062943811,80.71283721923828,2013300,0.0,0.0,1.4678667132290713
159,2022-09-07 04:00:00+00:00,81.04645210906163,82.87146970197252,80.1476799397709,81.34081268310547,1759100,0.0,0.0,0.7780366612084588
160,2022-09-08 04:00:00+00:00,81.31138150142868,84.33344708913263,81.31138150142868,84.17646026611328,2184400,0.0,0.0,3.4861313644051872
161,2022-09-09 04:00:00+00:00,84.87309931002412,86.15845830293067,83.82812754152826,85.86410522460938,1905300,0.0,0.0,2.0048894348382085
162,2022-09-12 04:00:00+00:00,86.89436312549942,86.99248831647974,85.81505339782545,86.47245025634766,1733800,0.0,0.0,0.7084974916432563
163,2022-09-13 04:00:00+00:00,85.26557982835638,86.37432400931523,84.15682816149723,84.75535583496094,1974200,0.0,0.0,-1.9857126938075509
164,2022-09-14 04:00:00+00:00,84.75535522287947,86.86491934477911,84.63761698363874,86.39395141601562,3600300,0.0,0.0,1.933323935593445
165,2022-09-15 04:00:00+00:00,86.22713911424448,86.59999681700336,84.6866681728931,85.1674575805664,3631800,0.0,0.0,-1.4196524355544748
166,2022-09-16 04:00:00+00:00,84.98102697311033,85.22632493631966,83.29631774709037,83.96058654785156,6245600,0.0,0.0,-1.417056546008988
167,2022-09-19 04:00:00+00:00,83.79379441786018,88.0129153309911,83.64661412749388,87.67931365966797,4407400,0.0,0.0,4.429134269681412
168,2022-09-20 04:00:00+00:00,86.7471613398968,88.48386734608559,85.91314241050762,86.09957122802734,4626000,0.0,0.0,-1.8017276432756744
169,2022-09-21 04:00:00+00:00,87.12002959769902,88.39557457467127,85.58937263097228,85.638427734375,2155100,0.0,0.0,-0.5355932521789786
170,2022-09-22 04:00:00+00:00,86.34487991924172,86.34487991924172,83.03826080013785,83.77415466308594,1863300,0.0,0.0,-2.176911838072837
171,2022-09-23 04:00:00+00:00,82.20916920450681,82.75372353757771,80.60982157237315,82.27294158935547,2678800,0.0,0.0,-1.7919763914871931
172,2022-09-26 04:00:00+00:00,82.09632945547132,83.35225396589829,80.11432499106013,81.36043548583984,1973300,0.0,0.0,-1.1091205515297742
173,2022-09-27 04:00:00+00:00,82.11596110153863,83.80851580901775,81.51743338101892,82.39069366455078,1777800,0.0,0.0,1.266288918635694
174,2022-09-28 04:00:00+00:00,82.52805579954477,83.92134657676,81.61554698344456,83.42093658447266,1564300,0.0,0.0,1.2504360311814455
175,2022-09-29 04:00:00+00:00,83.45037783521923,84.58855659764089,80.52642254817482,81.47817993164062,1823700,0.0,0.0,-2.328859795124427
176,2022-09-30 04:00:00+00:00,81.71366226150165,82.86165501636634,80.67360121718667,81.62535858154297,3267800,0.0,0.0,0.1806356622421123
177,2022-10-03 04:00:00+00:00,83.43074592698122,85.2753914870327,82.2925672174538,84.9614028930664,2026700,0.0,0.0,4.087019486953625
178,2022-10-04 04:00:00+00:00,86.63925775090465,87.78233985857084,85.52069945484511,87.6596908569336,1679100,0.0,0.0,3.1758985515614624
179,2022-10-05 04:00:00+00:00,86.03091388332363,87.78724844170425,83.9802187339225,86.5116958618164,1766700,0.0,0.0,-1.30960420222197
180,2022-10-06 04:00:00+00:00,86.57057065088131,88.2179853180626,84.33344667515644,84.65724182128906,1677300,0.0,0.0,-2.143587664134372
181,2022-10-07 04:00:00+00:00,84.09794535347062,84.13719392241288,81.80196021459203,82.80277252197266,2017200,0.0,0.0,-2.190561916996048
182,2022-10-10 04:00:00+00:00,83.35224923042972,84.01946002442554,82.35143678238605,83.12657928466797,982800,0.0,0.0,0.3910578750359939
183,2022-10-11 04:00:00+00:00,82.822412151189,83.71529289052827,80.99739461217008,81.32118225097656,1534200,0.0,0.0,-2.171864942870805
184,2022-10-12 04:00:00+00:00,81.54686015413108,82.01782807833698,80.14375542485486,80.61473083496094,1878400,0.0,0.0,-0.8687175917282519
185,2022-10-13 04:00:00+00:00,79.0448195930423,82.73410335092254,77.8085231494056,82.2435073852539,2746500,0.0,0.0,2.0204453124423205
186,2022-10-14 04:00:00+00:00,82.62615634401628,83.16581480071143,79.19198522006265,79.73164367675781,1693300,0.0,0.0,-3.054178728941792
187,2022-10-17 04:00:00+00:00,81.6547888500005,84.66704759998085,81.5762917035626,83.58773803710938,1678900,0.0,0.0,4.836341234836028
188,2022-10-18 04:00:00+00:00,84.87310529578389,85.75617956482766,82.92053537404867,84.88291931152344,1598900,0.0,0.0,1.5494871674109234
189,2022-10-19 04:00:00+00:00,83.48961747810611,84.60818316195336,82.96958695452204,84.07833862304688,1325800,0.0,0.0,-0.9478711323814392
190,2022-10-20 04:00:00+00:00,84.74554396782024,85.0987736376456,82.59673139069929,82.9695816040039,2076500,0.0,0.0,-1.318718991361045
191,2022-10-21 04:00:00+00:00,83.10695083871146,85.81504257560502,82.0865178514937,85.638427734375,1749200,0.0,0.0,3.216656127192397
192,2022-10-24 04:00:00+00:00,85.9210097137583,86.06033728126172,83.96058729634305,85.93278503417969,1325000,0.0,0.0,0.3437210462547302
193,2022-10-25 04:00:00+00:00,85.85429678577898,86.8943578713528,85.11840281332945,86.49207305908203,1647200,0.0,0.0,0.6508435920933975
194,2022-10-26 04:00:00+00:00,87.99327301239643,87.99327301239643,85.68747398687927,87.11019897460938,1370100,0.0,0.0,0.7146619264231324
195,2022-10-27 04:00:00+00:00,88.11592880633543,91.38820252047124,88.11592880633543,91.2900848388672,3345800,0.0,0.0,4.798388608291626
196,2022-10-28 04:00:00+00:00,91.1429144841358,93.46048925992102,90.09303945642336,91.98674011230467,1958000,0.0,0.0,0.7631226048996576
197,2022-10-31 04:00:00+00:00,92.36940832480796,93.62533280607718,91.6187970920822,92.76188659667967,2276600,0.0,0.0,0.8426719801447824
198,2022-11-01 04:00:00+00:00,93.44871716482314,94.42990909322376,92.23694453437632,93.72344970703124,1467400,0.0,0.0,1.0365928784225265
199,2022-11-02 04:00:00+00:00,92.89924847334784,94.47896801560807,91.23122525419234,91.33914947509766,1966100,0.0,0.0,-2.5439740421278056
200,2022-11-03 04:00:00+00:00,90.4266415298673,93.65475602313003,90.4266415298673,92.6343231201172,1484400,0.0,0.0,1.4179830362583523
201,2022-11-04 04:00:00+00:00,93.30152729186293,94.4004648336824,91.0006387443308,92.54601287841795,1974300,0.0,0.0,-0.0953320958417713
202,2022-11-07 05:00:00+00:00,93.27210449730669,93.27210449730669,91.21160289670782,91.74144744873048,2120300,0.0,0.0,-0.8693680091269473
203,2022-11-08 05:00:00+00:00,87.87553595834265,91.35386660814795,84.46099265746587,85.8935317993164,4345400,0.0,0.0,-6.374344216317462
204,2022-11-09 05:00:00+00:00,85.36369188984429,88.22877032677253,84.70629513972237,85.70710754394531,2241500,0.0,0.0,-0.2170410873389872
205,2022-11-10 05:00:00+00:00,88.79786390584265,94.03742487898862,86.54111961884803,93.35059356689452,4885600,0.0,0.0,8.918147213205273
206,2022-11-11 05:00:00+00:00,93.49778505710265,94.06687820445974,89.88209499141807,90.5738296508789,3133200,0.0,0.0,-2.9745541082454863
207,2022-11-14 05:00:00+00:00,90.40774890453362,93.08067485433094,90.40774890453362,92.29451751708984,1997000,0.141,0.0,1.8997627381368345
208,2022-11-15 05:00:00+00:00,92.87431213272023,93.11015633975758,91.0465026591384,91.8817901611328,2537200,0.0,0.0,-0.4471851276329874
209,2022-11-16 05:00:00+00:00,92.6777799094562,92.88414455197304,89.70022114301545,90.09329986572266,1384600,0.0,0.0,-1.9465122439100035
210,2022-11-17 05:00:00+00:00,88.86492912836313,89.87710172833688,87.33193043305162,88.49150848388672,1792500,0.0,0.0,-1.7779250890169296
211,2022-11-18 05:00:00+00:00,88.56028564899404,91.82282573296398,88.46791077825806,91.68524932861328,2515700,0.0,0.0,3.609093007277764
212,2022-11-21 05:00:00+00:00,92.44192074146804,92.58932617584011,91.154595442479,91.77368927001952,1744800,0.0,0.0,0.0964603816359321
213,2022-11-22 05:00:00+00:00,92.92344719679517,94.692297586522,92.46158028962468,94.60385131835938,1567600,0.0,0.0,3.083849053962373
214,2022-11-23 05:00:00+00:00,94.3679993353183,96.19580875521376,92.7809523784084,94.94779205322266,1135900,0.0,0.0,0.3635589144313611
215,2022-11-25 05:00:00+00:00,94.92814141676728,95.7634289595204,94.338527121727,95.47845458984376,631700,0.0,0.0,0.5588992910163126
216,2022-11-28 05:00:00+00:00,94.40731606594215,94.91831312632672,92.74656249932538,93.16912078857422,1590100,0.0,0.0,-2.418696250572949
217,2022-11-29 05:00:00+00:00,93.0511947015032,93.46392392724157,91.70490270628773,92.79569244384766,1436200,0.0,0.0,-0.4008069857973306
218,2022-11-30 05:00:00+00:00,92.51071602750515,95.26225935528002,92.1372953962103,94.45645141601562,3361800,0.0,0.0,1.7896940347451151
219,2022-12-01 05:00:00+00:00,95.32121874548754,96.08771806778208,92.25521395895694,92.8350067138672,1748600,0.0,0.0,-1.7166055656771095
220,2022-12-02 05:00:00+00:00,91.38061493091918,91.87196140382044,89.46436668554512,90.44705963134766,1848700,0.0,0.0,-2.572248515993103
221,2022-12-05 05:00:00+00:00,89.43489034548398,90.0245046349129,88.24583273755246,88.50132751464844,2397000,0.0,0.0,-2.1512386634013447
222,2022-12-06 05:00:00+00:00,88.30478661535489,89.30713009746678,88.24582743915772,89.2088623046875,1237500,0.0,0.0,0.7994623469596673
223,2022-12-07 05:00:00+00:00,89.30713378191841,91.58698115627432,89.02215192295489,90.3782730102539,1237200,0.0,0.0,1.3108683098909557
224,2022-12-08 05:00:00+00:00,90.73204818968718,91.37571091717302,89.35627646443463,89.82797241210938,1002400,0.0,0.0,-0.6088859410735781
225,2022-12-09 05:00:00+00:00,89.77882929216167,90.27017577143256,88.13773385076152,88.1672134399414,1384600,0.0,0.0,-1.848821617111429
226,2022-12-12 05:00:00+00:00,88.42271883952104,89.34644515506042,87.5284646168529,89.30713653564453,1554100,0.0,0.0,1.29291042693509
227,2022-12-13 05:00:00+00:00,90.38809137954294,91.10545295944446,88.82560585395427,89.26781463623047,1629900,0.0,0.0,-0.0440299632699203
228,2022-12-14 05:00:00+00:00,89.95571711676894,90.69273685855192,88.3244431562267,89.27765655517578,2561600,0.0,0.0,0.0110251594994448
229,2022-12-15 05:00:00+00:00,89.2383499620215,89.27765858215803,87.88223630539815,88.1475601196289,2245100,0.0,0.0,-1.2658222439434708
230,2022-12-16 05:00:00+00:00,86.6243775455927,87.06658633588354,84.44279818580779,86.67350769042969,3911700,0.0,0.0,-1.6722555079218493
231,2022-12-19 05:00:00+00:00,86.85039138834253,87.1353732145391,85.49427795432052,86.2116470336914,1238100,0.0,0.0,-0.5328740800336629
232,2022-12-20 05:00:00+00:00,86.47698111576675,86.59490697088054,85.6171247694452,86.04459381103516,1306600,0.0,0.0,-0.1937710604124842
233,2022-12-21 05:00:00+00:00,86.46714539144517,88.60941619400698,85.20929969037252,88.09841918945312,1409500,0.0,0.0,2.38693134275052
234,2022-12-22 05:00:00+00:00,87.58742351126439,87.82818599289321,85.03242323639617,85.8185806274414,1548300,0.0,0.0,-2.58783140831278
235,2022-12-23 05:00:00+00:00,86.0052842216196,86.70300281814154,85.62203456851728,86.51628875732422,600700,0.0,0.0,0.8130035765934185
236,2022-12-27 05:00:00+00:00,86.90936442889893,87.37123130185812,85.75960801206469,86.12320709228516,634400,0.0,0.0,-0.4543441133283532
237,2022-12-28 05:00:00+00:00,86.42785092841315,86.81110061892245,84.92433175836085,85.11104583740234,752000,0.0,0.0,-1.17524798373827
238,2022-12-29 05:00:00+00:00,85.65152192215794,86.17234799095488,84.78674731976095,85.26826477050781,870800,0.0,0.0,0.1847221257342157
239,2022-12-30 05:00:00+00:00,85.10120618564241,85.10120618564241,83.64682484866341,84.71795654296875,1343300,0.0,0.0,-0.6453845742260267
240,2023-01-03 05:00:00+00:00,84.51159656739668,84.62952242444459,79.39176702386808,80.49238586425781,4030600,0.0,0.0,-4.987809965137369
241,2023-01-04 05:00:00+00:00,80.53169221750824,82.29071367164384,79.88311870499258,81.9664306640625,2612200,0.0,0.0,1.8312847656056783
242,2023-01-05 05:00:00+00:00,81.48490984186314,82.46760293932128,80.46782638461772,80.9837417602539,1906300,0.0,0.0,-1.1988919071468709
243,2023-01-06 05:00:00+00:00,82.17279647185305,83.68614468569616,81.64214131915328,82.05487060546875,1914100,0.0,0.0,1.3226467707380565
244,2023-01-09 05:00:00+00:00,82.39880579455763,83.7352688620844,82.133481985827,82.54621124267578,1301500,0.0,0.0,0.5987952129855367
245,2023-01-10 05:00:00+00:00,81.95658941905721,82.04502818139264,80.16808863965095,81.64212799072266,1376700,0.0,0.0,-1.0952450007611247
246,2023-01-11 05:00:00+00:00,81.5635147316886,82.91471753597861,81.01320907963954,82.65430450439453,1696200,0.0,0.0,1.2397723314939713
247,2023-01-12 05:00:00+00:00,82.42827225442996,83.33235536010889,81.33748260840486,82.88031005859375,1496700,0.0,0.0,0.2734347056144059
248,2023-01-13 05:00:00+00:00,82.35949287198466,84.2217001911176,82.00572281392648,83.6861343383789,1366200,0.0,0.0,0.9722746925240332
249,2023-01-17 05:00:00+00:00,82.47742974401172,83.54856159260841,81.56352488814203,81.9271240234375,2763600,0.0,0.0,-2.101913690778179
250,2023-01-18 05:00:00+00:00,81.87797037619893,83.04737730133023,80.35479341484894,80.43341064453125,2084900,0.0,0.0,-1.823222036305017
251,2023-01-19 05:00:00+00:00,80.18773612635714,80.37445016949134,79.35735945749383,79.44088745117188,1635500,0.0,0.0,-1.233968801529195
252,2023-01-20 05:00:00+00:00,79.71606212228689,81.66179014341934,79.05765208734637,81.56352233886719,1795100,0.0,0.0,2.671967743310999
253,2023-01-23 05:00:00+00:00,81.49471939146113,82.8311822843221,81.12915602716326,82.68377685546875,1596200,0.0,0.0,1.3734749119187262
254,2023-01-24 05:00:00+00:00,82.54621007047302,82.77223275402486,81.54386653273805,82.45777130126953,1176000,0.0,0.0,-0.2733372407434653
255,2023-01-25 05:00:00+00:00,81.97623930413508,82.11381570931565,81.0623346140917,81.95658874511719,1535200,0.0,0.0,-0.6078051204188029
256,2023-01-26 05:00:00+00:00,82.18260995734443,84.58038319090582,81.83866891909234,84.39366912841797,2161100,0.0,0.0,2.9736235007047807
257,2023-01-27 05:00:00+00:00,84.39367622523123,85.16018310010294,83.37167455608859,85.0815658569336,1455100,0.0,0.0,0.8151046584654154
258,2023-01-30 05:00:00+00:00,84.43297569494052,85.34688043000341,80.82649440068191,80.9738998413086,3045800,0.0,0.0,-4.82791539419023
259,2023-01-31 05:00:00+00:00,81.445585821682,84.02024394935212,80.95423936583784,83.8826675415039,2509000,0.0,0.0,3.592228737773362
260,2023-02-01 05:00:00+00:00,83.97602785507225,84.38384632906987,81.44067824430141,83.93180847167969,2623400,0.0,0.0,0.0585829368760393
261,2023-02-02 05:00:00+00:00,84.00059299656847,85.17982148613123,82.30544173396315,83.85318756103516,2389600,0.0,0.0,-0.0936723657885441
262,2023-02-03 05:00:00+00:00,82.91962585763135,83.6861326327027,81.61264997253777,81.76004791259766,1807200,0.0,0.0,-2.4961956835736765
263,2023-02-06 05:00:00+00:00,81.57335748324631,82.39881610018404,81.08201092630145,81.81903076171875,1502000,0.0,0.0,0.0721414072361481
264,2023-02-07 05:00:00+00:00,81.88780974993418,84.77692208092766,80.90511674680722,84.44281005859375,2032900,0.0,0.0,3.2068080890816475
265,2023-02-08 05:00:00+00:00,83.28321771944597,83.5288909280579,82.68377449064474,82.88031005859375,2005900,0.0,0.0,-1.850364760381373
266,2023-02-09 05:00:00+00:00,83.46010643632412,83.98093246213709,82.47741355823122,82.95893096923828,1975000,0.0,0.0,0.0948607824813319
267,2023-02-10 05:00:00+00:00,82.75257127592126,85.49428546820455,82.71326265878236,85.30757141113281,1350300,0.0,0.0,2.8310881233093887
268,2023-02-13 05:00:00+00:00,85.38619820780424,85.78910595558548,84.45264281260096,84.89485168457031,1173500,0.0,0.0,-0.4838019881886368
269,2023-02-14 05:00:00+00:00,84.43297260430873,86.08586129091302,83.67630236623913,84.57054901123047,2383100,0.0,0.0,-0.3820051120941969
270,2023-02-15 05:00:00+00:00,83.03755487535685,84.98820099499808,82.89997846115035,84.52142333984375,2030600,0.0,0.0,-0.058088391243849
271,2023-02-16 05:00:00+00:00,83.52890113282658,86.39836276061325,83.4552021601797,84.14799499511719,3037600,0.0,0.0,-0.4418150215302008
272,2023-02-17 05:00:00+00:00,83.72543723650823,84.5509032219598,80.48255496523672,83.0866928100586,3570700,0.0,0.0,-1.2612328851331234
273,2023-02-21 05:00:00+00:00,80.19757157228295,81.57334319013952,78.51716754165072,78.97903442382812,5056000,0.0,0.0,-4.943822226286986
274,2023-02-22 05:00:00+00:00,77.93738282504437,77.93738282504437,75.07774996912983,76.45352172851562,3341000,0.0,0.0,-3.1977001412295647
275,2023-02-23 05:00:00+00:00,76.65005136984323,78.07004240622379,76.65005136984323,77.84893798828125,1584900,0.0,0.0,1.8251824483909385
276,2023-02-24 05:00:00+00:00,76.65760658247244,78.31442887619116,76.41105569069369,78.17635345458984,1529100,0.282,0.0,0.4205779484851568
277,2023-02-27 05:00:00+00:00,78.32428949629865,78.99490825716617,76.91895385583871,77.28878021240234,1326200,0.0,0.0,-1.1353474586187515
278,2023-02-28 05:00:00+00:00,76.73649347827147,76.91401041282485,73.37354338785016,73.85678100585938,3584800,0.0,0.0,-4.440488253419539
279,2023-03-01 05:00:00+00:00,73.10726801927838,74.34988662566201,71.8252078912893,73.32423400878906,2594400,0.0,0.0,-0.7210536254322553
280,2023-03-02 05:00:00+00:00,73.10726979379339,75.67140516028245,72.97906603512347,75.12899017333984,1949900,0.0,0.0,2.4613365402964327
281,2023-03-03 05:00:00+00:00,75.17830563227237,78.10732407777633,74.9514754879388,77.89036560058594,2304600,0.0,0.0,3.675512503063017
282,2023-03-06 05:00:00+00:00,77.27890528039543,77.79172777928072,76.28283765902229,77.71283721923828,2295000,0.0,0.0,-0.2279208474357474
283,2023-03-07 05:00:00+00:00,77.97912041378049,77.97912041378049,76.25326406812721,76.82526397705078,2203900,0.0,0.0,-1.1421192095760646
284,2023-03-08 05:00:00+00:00,76.6773198534007,77.36765927329485,76.0362860925645,76.99290466308594,1261600,0.0,0.0,0.2182103612234032
285,2023-03-09 05:00:00+00:00,76.96331788891281,79.08365680429772,76.33214828491013,77.55503845214844,3110500,0.0,0.0,0.7301111596222265
286,2023-03-10 05:00:00+00:00,78.09746047852072,78.67931695358494,76.17435906748591,76.48008728027344,2895700,0.0,0.0,-1.386049434477743
287,2023-03-13 04:00:00+00:00,75.86864023024857,77.52053420417636,75.43470825579054,76.03629302978516,2242400,0.0,0.0,-0.5802742468924316
288,2023-03-14 04:00:00+00:00,76.43077531115016,78.00869949016607,76.10532633306488,76.85484313964844,2142800,0.0,0.0,1.0765255343821556
289,2023-03-15 04:00:00+00:00,76.22367351357778,76.80552999825726,75.29663976604265,76.26312255859375,1957000,0.0,0.0,-0.7699197043178008
290,2023-03-16 04:00:00+00:00,75.56292011599449,77.94953094561919,74.98105609811468,77.34794616699219,1962900,0.0,0.0,1.4224746797706356
291,2023-03-17 04:00:00+00:00,76.64774386796063,77.37753241446333,74.93668004520869,75.71084594726562,3896500,0.0,0.0,-2.116539999901368
292,2023-03-20 04:00:00+00:00,75.99684528300732,77.3479468930239,75.84892076567456,75.93767547607422,1629500,0.0,0.0,0.2995997812078155
293,2023-03-21 04:00:00+00:00,76.50966760699013,77.03235424631788,74.92187940593675,75.46428680419922,2045700,0.0,0.0,-0.6233910491823647
294,2023-03-22 04:00:00+00:00,75.21774761209379,75.27692494635592,73.37355163790602,73.39327239990234,1863400,0.0,0.0,-2.74436358176996
295,2023-03-23 04:00:00+00:00,73.6398195977768,74.09347234220391,71.76603128878749,72.38734436035156,1655400,0.0,0.0,-1.3705997929479463
296,2023-03-24 04:00:00+00:00,71.55893950000694,72.5056941681058,70.17826031161522,72.42680358886719,2777200,0.0,0.0,0.0545112254970892
297,2023-03-27 04:00:00+00:00,72.42679011218381,74.38440473363202,72.42679011218381,74.23153686523438,3225500,0.0,0.0,2.4918030162035087
298,2023-03-28 04:00:00+00:00,74.03429165214034,75.75028352431423,73.8212683391156,74.46822357177734,1752200,0.0,0.0,0.3188492607564708
299,2023-03-29 04:00:00+00:00,75.23746931827765,75.50374096469223,74.38440535898111,74.83312225341797,2299500,0.0,0.0,0.4900058899470316
300,2023-03-30 04:00:00+00:00,75.63195859064683,76.37161131117352,74.95147568003857,75.76016235351562,1737800,0.0,0.0,1.23880986411109
301,2023-03-31 04:00:00+00:00,75.76016963334979,77.51561105488592,75.67141490994365,77.4169921875,2984400,0.0,0.0,2.1869407119974094
302,2023-04-03 04:00:00+00:00,76.92387782334636,77.46629279201157,75.42485171997282,75.56291961669922,1894900,0.0,0.0,-2.394916824345628
303,2023-04-04 04:00:00+00:00,75.61223292043864,75.90809702853956,74.08362175961541,74.97119903564453,1316200,0.0,0.0,-0.7830832689581735
304,2023-04-05 04:00:00+00:00,74.83313866708279,76.05603674795628,74.6359009245613,75.44458770751953,1204800,0.0,0.0,0.6314273720631425
305,2023-04-06 04:00:00+00:00,75.55306173592506,75.91795979273563,75.10927310597266,75.89823150634766,1223000,0.0,0.0,0.6012940260032851
306,2023-04-10 04:00:00+00:00,75.47415670654648,76.3025716036097,74.81340213183508,76.26312255859375,1485500,0.0,0.0,0.4807635764419338
307,2023-04-11 04:00:00+00:00,76.68719608002914,76.73650174685719,76.11026786159884,76.35188293457031,1371500,0.0,0.0,0.1163870203562345
308,2023-04-12 04:00:00+00:00,76.85484056740324,76.8745613271714,75.60236540839155,75.75028991699219,1171100,0.0,0.0,-0.787921652297241
309,2023-04-13 04:00:00+00:00,75.63194843643261,76.51952556259083,75.11911840553596,76.07573699951172,1324700,0.0,0.0,0.42963146791406
310,2023-04-14 04:00:00+00:00,75.2670586887382,75.57771523144294,74.45837203514972,75.37554168701172,1328400,0.0,0.0,-0.920392414344262
311,2023-04-17 04:00:00+00:00,75.5234693289632,75.76508438219179,73.62996032717568,74.00471496582031,1093300,0.0,0.0,-1.8186625137416643
312,2023-04-18 04:00:00+00:00,74.3005664233957,74.90215114692644,73.14671015988998,73.45243835449219,1235200,0.0,0.0,-0.7462721957421259
313,2023-04-19 04:00:00+00:00,73.93567782756016,74.35974563483731,73.47511796256057,73.71871185302734,1039300,0.0,0.0,0.3625114489053116
314,2023-04-20 04:00:00+00:00,73.7088502275952,75.51360450558298,73.6595445652408,75.41498565673828,1926900,0.0,0.0,2.3010084699971234
315,2023-04-21 04:00:00+00:00,75.7601605172963,75.90315672917887,74.91202481638459,75.49388885498047,1178900,0.0,0.0,0.1046253573544708
316,2023-04-24 04:00:00+00:00,75.3755353303888,76.26804831207762,74.55698460304157,76.22367095947266,1094300,0.0,0.0,0.966677058978993
317,2023-04-25 04:00:00+00:00,75.58264476193506,76.07574657145925,74.79367885704178,75.86864471435547,1722400,0.0,0.0,-0.4657690198441755
318,2023-04-26 04:00:00+00:00,75.4544340668607,75.90808678704174,74.41891735235593,74.81340026855469,3100600,0.0,0.0,-1.3908834799590264
319,2023-04-27 04:00:00+00:00,75.21774293840195,76.17436160472015,74.93175052447435,75.69112396240234,1865700,0.0,0.0,1.1732172187026937
320,2023-04-28 04:00:00+00:00,75.83905914450754,76.4011949014695,75.24733848309546,76.33216094970703,2233400,0.0,0.0,0.846911703442399
321,2023-05-01 04:00:00+00:00,76.45049358722204,76.57870486031493,75.70098432913073,75.98698425292969,1788300,0.0,0.0,-0.4522034912712191
322,2023-05-02 04:00:00+00:00,75.67140575307938,76.3321603611593,74.90216062262473,75.73057556152344,2554000,0.0,0.0,-0.3374376466274364
323,2023-05-03 04:00:00+00:00,76.13490490462341,76.52938779760737,75.09939577519283,75.45442962646484,1607000,0.0,0.0,-0.3646425938414466
324,2023-05-04 04:00:00+00:00,75.91794895795232,79.26117823059224,73.87650800807366,77.50572967529297,3830400,0.0,0.0,2.7185945993933425
325,2023-05-05 04:00:00+00:00,78.02842767778122,79.34007268250275,77.20001278224217,78.39331817626953,2359300,0.0,0.0,1.1451908196917548
326,2023-05-08 04:00:00+00:00,78.63986524781754,78.74834823511335,77.00277134486021,77.62407684326172,2360100,0.0,0.0,-0.9812587997336086
327,2023-05-09 04:00:00+00:00,76.90416000785642,78.00870322396732,76.73649967757986,77.86077117919922,3158300,0.0,0.0,0.3049238658456854
328,2023-05-10 04:00:00+00:00,78.74835754404441,79.01463673493338,77.65860675757334,78.35881042480469,1629400,0.0,0.0,0.6396536253914231
329,2023-05-11 04:00:00+00:00,77.77189546124542,78.73192131739131,77.43538804989461,78.30634307861328,2497400,0.282,0.0,-0.0669578135591431
330,2023-05-12 04:00:00+00:00,78.63295111086417,79.56328677931413,78.04902216215488,79.02883911132812,1991000,0.0,0.0,0.9226532670405962
331,2023-05-15 04:00:00+00:00,79.80080982884814,80.25607834815708,78.36572444300336,79.44451141357422,2048300,0.0,0.0,0.5259754627807922
332,2023-05-16 04:00:00+00:00,79.36534867975035,79.36534867975035,77.52447584659433,78.18758392333984,3709100,0.0,0.0,-1.582145157506265
333,2023-05-17 04:00:00+00:00,78.27665172925252,79.80081560469971,77.90056228632481,79.56328582763672,2329500,0.0,0.0,1.75948895625897
334,2023-05-18 04:00:00+00:00,79.44451263797234,80.63217655750135,78.74379341725879,80.56289672851562,2849300,0.0,0.0,1.2563720697061689
335,2023-05-19 04:00:00+00:00,80.88950588405243,82.37902600133636,80.69155811952183,81.45364379882812,2407100,0.0,0.0,1.1056542235741371
336,2023-05-22 04:00:00+00:00,81.87922914573423,83.09657591156153,81.46354257968353,82.6709976196289,1908300,0.0,0.0,1.4945357433086226
337,2023-05-23 04:00:00+00:00,82.50275097898555,83.69040751295243,82.30975660344252,83.1757583618164,2232200,0.0,0.0,0.6105656841228768
338,2023-05-24 04:00:00+00:00,83.17574315620026,83.50235128616055,81.70106826007846,82.4532470703125,2430300,0.0,0.0,-0.8686560913108488
339,2023-05-25 04:00:00+00:00,82.34438661331158,82.34438661331158,81.05776005584656,81.89901733398438,1863100,0.0,0.0,-0.6721745425689596
340,2023-05-26 04:00:00+00:00,82.09696287809669,83.08667916379254,81.46354505932622,82.98770904541016,2267100,0.0,0.0,1.329309858488403
341,2023-05-30 04:00:00+00:00,82.99759924066458,84.17041049458186,82.28005652223813,82.83924102783203,2198200,0.0,0.0,-0.1789036223386775
342,2023-05-31 04:00:00+00:00,82.67099362607263,83.68050838651202,81.60209830946694,83.15595245361328,5214700,0.0,0.0,0.3823205305259147
343,2023-06-01 04:00:00+00:00,84.00216224841904,88.2450781234888,83.91803727775819,87.96597290039062,3646900,0.0,0.0,5.784336905359244
344,2023-06-02 04:00:00+00:00,87.74824781527194,88.13423655514497,86.37253525792995,86.63976287841797,3225600,0.0,0.0,-1.5076398046258266
345,2023-06-05 04:00:00+00:00,86.91687888945427,87.8966958414594,86.28346110725543,86.61006927490234,1819000,0.0,0.0,-0.0342724893618306
346,2023-06-06 04:00:00+00:00,86.24387709626636,88.96559689975429,86.24387709626636,88.62909698486328,2311500,0.0,0.0,2.331169720638937
347,2023-06-07 04:00:00+00:00,88.6290846037326,89.94540134973296,88.21339808037642,89.8761215209961,2452100,0.0,0.0,1.4070148275862282
348,2023-06-08 04:00:00+00:00,90.54913950531537,91.517086427948,90.12356120681471,91.35081481933594,3075700,0.0,0.0,1.6408065606116962
349,2023-06-09 04:00:00+00:00,91.35080294549483,92.80567933174449,91.14295591080996,92.33061981201172,2530100,0.0,0.0,1.0725738950588817
350,2023-06-12 04:00:00+00:00,92.04360913085938,93.05311636020554,91.92484046525696,92.78589630126952,1720700,0.0,0.0,0.493093721437976
351,2023-06-13 04:00:00+00:00,92.99372787243348,94.34964170642148,92.62753018125674,93.28074645996094,2429900,0.0,0.0,0.5333247599232926
352,2023-06-14 04:00:00+00:00,93.55787098639009,94.0230388075878,91.81596836369287,92.24154663085938,2573200,0.0,0.0,-1.114056081817072
353,2023-06-15 04:00:00+00:00,92.75620681453842,92.78589709345862,92.00402036117212,92.4988784790039,3712300,0.0,0.0,0.2789760769887683
354,2023-06-16 04:00:00+00:00,92.62753648592876,93.54797286342992,91.7862792174662,91.93473815917967,4963400,0.0,0.0,-0.6098888214653209
355,2023-06-20 04:00:00+00:00,92.17226695236022,92.39990500068458,90.94502097909216,91.0439910888672,1846900,0.0,0.0,-0.9688906371497996
356,2023-06-21 04:00:00+00:00,89.94540247417027,90.09881482273084,88.26783387434479,89.5693130493164,2684900,0.0,0.0,-1.6197423046968362
357,2023-06-22 04:00:00+00:00,89.56931379729626,89.75240887328982,86.96140956307998,88.33216857910156,3205600,0.0,0.0,-1.381214646062634
358,2023-06-23 04:00:00+00:00,88.71815874962529,89.76725549569683,88.20350965276056,89.43075561523438,2875900,0.0,0.0,1.2436998364293794
359,2023-06-26 04:00:00+00:00,89.32189332400598,90.2621207596738,88.76765462937536,89.69798278808594,1890400,0.0,0.0,0.2988090294140821
360,2023-06-27 04:00:00+00:00,90.03447910520123,90.07901451959404,89.05466223388446,89.91571044921875,1472800,0.0,0.0,0.2427341779214886
361,2023-06-28 04:00:00+00:00,89.96520409145845,89.96520409145845,88.78743939714249,89.61880493164062,1605400,0.0,0.0,-0.330204272529
362,2023-06-29 04:00:00+00:00,89.57921031209507,90.4056223862634,89.21301262046053,89.93550872802734,1738700,0.0,0.0,0.3533898902448928
363,2023-06-30 04:00:00+00:00,91.10337860441238,91.34090837651844,90.10376313501874,90.6085205078125,2666400,0.0,0.0,0.7483270949413257
364,2023-07-03 04:00:00+00:00,90.07406823179528,90.79655678720532,89.40106095294298,90.65799713134766,1089100,0.0,0.0,0.0546048244225438
365,2023-07-05 04:00:00+00:00,90.47986216363552,92.25145524341652,90.41058232480324,91.19245910644533,2087300,0.0,0.0,0.5895364909985101
366,2023-07-06 04:00:00+00:00,90.5293386421847,90.5293386421847,88.92599573970969,90.06417083740234,2263300,0.0,0.0,-1.2372604929163922
367,2023-07-07 04:00:00+00:00,90.06416944690274,90.76686700570592,89.72766958111035,90.39077758789062,1334000,0.0,0.0,0.3626378252878481
368,2023-07-10 04:00:00+00:00,90.44026471476889,92.66712619128988,90.44026471476889,92.63743591308594,1539300,0.0,0.0,2.485495074993449
369,2023-07-11 04:00:00+00:00,92.87496128567292,93.45889774942442,91.90504367263732,93.38961791992188,1260900,0.0,0.0,0.8119633271603588
370,2023-07-12 04:00:00+00:00,93.96365861191428,95.1711135862178,93.11250207432111,95.07213592529295,1532600,0.0,0.0,1.8016114026869312
371,2023-07-13 04:00:00+00:00,94.86429753085716,95.0820363059242,93.90427159584456,94.2902603149414,1462400,0.0,0.0,-0.8224024870609248
372,2023-07-14 04:00:00+00:00,93.91417138335834,94.55254257290969,93.72513371296472,94.02304077148438,1259900,0.0,0.0,-0.2834010029927669
373,2023-07-17 04:00:00+00:00,93.49848894444136,95.9232905705573,93.49848894444136,95.19090270996094,1951400,0.0,0.0,1.2421018602397194
374,2023-07-18 04:00:00+00:00,95.01276261591988,95.65607970631902,92.92446066684926,94.38924407958984,1925300,0.0,0.0,-0.8421588697542726
375,2023-07-19 04:00:00+00:00,93.85478370279844,94.55748125858972,92.964037663438,93.7558135986328,1785300,0.0,0.0,-0.6710833285442308
376,2023-07-20 04:00:00+00:00,94.51788805223735,96.31917106177144,94.26055975060832,95.89359283447266,1600300,0.0,0.0,2.280156455141724
377,2023-07-21 04:00:00+00:00,96.57650783221963,97.14064575964932,95.31956403979557,95.60658264160156,5081100,0.0,0.0,-0.2993006981879542
378,2023-07-24 04:00:00+00:00,95.60658729951832,95.81442680386192,94.77522928214393,95.5571060180664,1077800,0.0,0.0,-0.0517502269907765
379,2023-07-25 04:00:00+00:00,94.96326623162362,97.15054567526816,94.91378495225676,96.51712036132812,854800,0.0,0.0,1.0046498719626484
380,2023-07-26 04:00:00+00:00,95.67586593855714,97.22972011431766,95.67586593855714,96.33897399902344,1243000,0.0,0.0,-0.1845748833344429
381,2023-07-27 04:00:00+00:00,96.72496251130646,96.74475351186426,94.22097431291988,94.43871307373048,897900,0.0,0.0,-1.972473700324251
382,2023-07-28 04:00:00+00:00,95.27008880997307,95.66597682211624,94.28037255508308,94.75543212890624,1135900,0.0,0.0,0.3353699397920406
383,2023-07-31 04:00:00+00:00,94.8544068136042,95.69567171153534,94.41893677511112,95.65608215332033,1170200,0.0,0.0,0.9504996222156724
384,2023-08-01 04:00:00+00:00,95.25029663950838,96.0915540023542,95.08204667712646,95.30968475341795,1469600,0.0,0.0,-0.3621279401211041
385,2023-08-02 04:00:00+00:00,95.00286045603345,95.03750414913516,93.45890552667538,94.56739044189452,2040300,0.0,0.0,-0.7788235932621901
386,2023-08-03 04:00:00+00:00,94.98306093558244,102.50885891965808,94.77522144841798,100.09989166259766,3511000,0.0,0.0,5.85032662406233
387,2023-08-04 04:00:00+00:00,100.87187796367058,103.62824133278092,100.7432175700484,102.87110900878906,2723600,0.0,0.0,2.7684518935667146
388,2023-08-07 04:00:00+00:00,103.50452598214645,103.57380581676892,101.71808787052105,102.6830596923828,1759800,0.0,0.0,-0.1828009032061595
389,2023-08-08 04:00:00+00:00,101.90117385033824,103.85091587307804,101.90117385033824,103.73214721679688,1207300,0.0,0.0,1.0216753645216017
390,2023-08-09 04:00:00+00:00,103.54411677440925,104.81095236602796,103.23532125716414,104.0290756225586,1646700,0.0,0.0,0.2862453094132355
391,2023-08-10 04:00:00+00:00,104.88022628971892,105.75117382213035,104.0290697587766,104.63279724121094,1563700,0.0,0.0,0.5803393090243247
392,2023-08-11 04:00:00+00:00,104.63478902595726,105.90203738708288,104.18822099720651,105.74623107910156,1414100,0.282,0.0,1.0641346377501693
393,2023-08-14 04:00:00+00:00,105.6469918878898,106.77828540006448,104.90569489634548,106.18286895751952,2404000,0.0,0.0,0.4129110550439741
394,2023-08-15 04:00:00+00:00,105.5775287968146,105.77103933364872,104.8134124021988,105.42867279052734,1709600,0.0,0.0,-0.7102804570988774
395,2023-08-16 04:00:00+00:00,105.5874538241579,105.63706744515882,104.1981437269063,104.29737854003906,1835200,0.0,0.0,-1.0730422953687535
396,2023-08-17 04:00:00+00:00,104.67447937305526,105.3343942744322,103.77142517768762,104.01951599121094,1800600,0.0,0.0,-0.2664137418578072
397,2023-08-18 04:00:00+00:00,103.73172934900931,104.73401835179205,103.7118854152996,103.96989440917967,1660800,0.0,0.0,-0.0477041077901696
398,2023-08-21 04:00:00+00:00,103.8011966983198,105.64302571664209,103.48364075424328,105.29966735839844,1377000,0.0,0.0,1.278998076102078
399,2023-08-22 04:00:00+00:00,104.85310802006818,105.73134407350598,104.70425201352803,105.44852447509766,1276900,0.0,0.0,0.1413652297614254
400,2023-08-23 04:00:00+00:00,106.13325821470244,108.425622722321,106.13325821470244,107.61188507080078,1393500,0.0,0.0,2.0515797698184235
401,2023-08-24 04:00:00+00:00,108.06836782621028,109.40805680345488,106.02409422418911,106.10348510742188,1498700,0.0,0.0,-1.401703875353999
402,2023-08-25 04:00:00+00:00,106.00425031112027,106.61951829960586,104.76379615209149,105.06150817871094,1383800,0.0,0.0,-0.9820383634486785
403,2023-08-28 04:00:00+00:00,105.49318782897016,106.5302057284199,104.4264002399487,104.5653305053711,1088000,0.0,0.0,-0.4722735109568776
404,2023-08-29 04:00:00+00:00,104.4263862392852,105.35920252903772,103.99966974666106,104.73401641845705,1131500,0.0,0.0,0.1613210729318082
405,2023-08-30 04:00:00+00:00,104.53554067525889,105.4564551604214,104.2874498638164,104.93248748779295,1167400,0.0,0.0,0.1895001033312082
406,2023-08-31 04:00:00+00:00,105.14088659876498,105.27981685242143,102.97753434323135,103.36456298828124,2035500,0.0,0.0,-1.4942221775635645
407,2023-09-01 04:00:00+00:00,104.82333066769564,106.58974366798414,104.3966141539338,106.4706573486328,1338800,0.0,0.0,3.004989592713425
408,2023-09-05 04:00:00+00:00,105.73630919730506,105.91493488832856,104.34799092650532,105.24012756347656,1433200,0.0,0.0,-1.1557454568228431
409,2023-09-06 04:00:00+00:00,105.51798474866192,106.96683416534135,105.18057731128144,105.82561492919922,1337800,0.0,0.0,0.5563347168783261
410,2023-09-07 04:00:00+00:00,107.03629805085548,110.10766344351568,106.3614907550313,107.71110534667967,1951100,0.0,0.0,1.7816956875156498
411,2023-09-08 04:00:00+00:00,107.40348349395887,108.822563318495,107.40348349395887,107.8103485107422,1428100,0.0,0.0,0.0921382839244921
412,2023-09-11 04:00:00+00:00,107.96912488988578,109.55392912511128,107.8202688877992,109.1401138305664,1820700,0.0,0.0,1.233430128177071
413,2023-09-12 04:00:00+00:00,108.70348367158888,109.25424564079798,107.32409920296276,107.67142486572266,1557100,0.0,0.0,-1.3456912525524831
414,2023-09-13 04:00:00+00:00,107.94927573187869,109.24926919802716,107.6813409792024,108.43553161621094,1894600,0.0,0.0,0.7096653094738947
415,2023-09-14 04:00:00+00:00,108.92179557715792,111.759955159595,108.68858960100049,111.6011734008789,2308300,0.0,0.0,2.919376829241016
416,2023-09-15 04:00:00+00:00,111.60117005673575,111.81949118286288,108.9614877517922,109.09049224853516,4287700,0.0,0.0,-2.24969064019176
417,2023-09-18 04:00:00+00:00,109.58667218851204,111.39277297080596,109.56682825513768,109.89430236816406,1358500,0.0,0.0,0.7368287584564426
418,2023-09-19 04:00:00+00:00,110.24163419476083,110.52942045724728,109.45767385866291,109.69583892822266,1972100,0.0,0.0,-0.1805948403735491
419,2023-09-20 04:00:00+00:00,110.0828569559192,110.33094777141788,109.07064975998216,109.2889633178711,924500,0.0,0.0,-0.3709125289773185
420,2023-09-21 04:00:00+00:00,108.79278794293698,109.79507701510433,108.6737091901738,109.10042572021484,1443800,0.0,0.0,-0.1725129344560483
421,2023-09-22 04:00:00+00:00,108.624083450058,109.89430723391732,107.78553526916296,109.5172119140625,1210500,0.0,0.0,0.3820206851589125
422,2023-09-25 04:00:00+00:00,108.88209834640422,112.05765775717968,108.65881812662218,111.35308074951172,2115200,0.0,0.0,1.6763290476110804
423,2023-09-26 04:00:00+00:00,110.80728878271638,110.86186149547277,107.1057703734662,107.66149139404295,2309700,0.0,0.0,-3.3152107967025835
424,2023-09-27 04:00:00+00:00,108.14775612431056,110.4401129321584,108.14775612431056,109.90423583984376,2819500,0.0,0.0,2.0831445085525813
425,2023-09-28 04:00:00+00:00,109.9240769222283,110.13247987310774,108.00385640294296,108.4851531982422,1550700,0.0,0.0,-1.2911992251777304
426,2023-09-29 04:00:00+00:00,109.19965421173195,109.86453577991266,107.81034413130736,108.24698638916016,2867500,0.0,0.0,-0.2195386207795913
427,2023-10-02 04:00:00+00:00,107.47294279149595,107.47294279149595,101.97524948880276,103.93020629882812,2892500,0.0,0.0,-3.987898632866061
428,2023-10-03 04:00:00+00:00,102.4218110504912,104.11875131480636,101.6229583241694,104.08898162841795,2557000,0.0,0.0,0.1527711098093132
429,2023-10-04 04:00:00+00:00,103.84089252213408,105.78592363319446,103.42906085434714,105.34928894042967,1973900,0.0,0.0,1.2107980040681143
430,2023-10-05 04:00:00+00:00,106.1630238460101,107.67141265513474,105.79584671780027,107.05614471435548,1589200,0.0,0.0,1.6201872751993251
431,2023-10-06 04:00:00+00:00,105.73630888483856,109.73553163029702,104.32714729487044,109.3286590576172,2095800,0.0,0.0,2.1227313474861065
432,2023-10-09 04:00:00+00:00,109.32865274348536,110.63559642016564,109.13018313045517,110.52941131591795,1258400,0.0,0.0,1.0982959716609564
433,2023-10-10 04:00:00+00:00,110.11262488330094,112.62330268465747,110.11262488330094,112.13704681396484,1464400,0.0,0.0,1.4544866193595407
434,2023-10-11 04:00:00+00:00,113.04010852754396,114.2984229663665,112.4446844833153,114.19124603271484,1353300,0.0,0.0,1.831864916291148
435,2023-10-12 04:00:00+00:00,114.03246140677616,115.27291543354312,113.58589341446172,114.83627319335938,1299700,0.0,0.0,0.5648656819628117
436,2023-10-13 04:00:00+00:00,115.87825031918892,116.493518243591,112.12711854436756,112.82177734375,1699400,0.0,0.0,-1.7542330429144104
437,2023-10-16 04:00:00+00:00,113.89352415182783,116.22558379055108,113.73474997260678,115.93779754638672,1701700,0.0,0.0,2.7618960417036265
438,2023-10-17 04:00:00+00:00,115.16376533585748,117.08894501192916,114.82635787293631,116.25536346435548,1214600,0.0,0.0,0.2739106009338465
439,2023-10-18 04:00:00+00:00,116.43398889843664,117.73894150181032,114.92559242845168,115.18360900878906,1050700,0.0,0.0,-0.9218967827622216
440,2023-10-19 04:00:00+00:00,115.11413845151397,115.7194806473374,113.23857249105475,113.41719818115234,981000,0.0,0.0,-1.5335609318353094
441,2023-10-20 04:00:00+00:00,113.23857163504825,113.91337895130128,111.06529368381128,111.2439193725586,1654400,0.0,0.0,-1.9161810055671968
442,2023-10-23 04:00:00+00:00,110.97598471459716,112.16681759311996,109.55591313780546,111.25384521484376,950800,0.0,0.0,0.008922593109939
443,2023-10-24 04:00:00+00:00,112.39506505424448,114.41948701510252,112.39506505424448,113.39734649658205,1930900,0.0,0.0,1.9266761320464452
444,2023-10-25 04:00:00+00:00,113.35766520821464,113.39735307836077,110.81720996438092,111.1744613647461,1575000,0.0,0.0,-1.960262034793692
445,2023-10-26 04:00:00+00:00,111.14468911029836,112.16682209341388,110.29125607036808,111.85919189453124,1652700,0.0,0.0,0.6159063164143941
446,2023-10-27 04:00:00+00:00,112.13704570391668,112.49429707468155,109.05377088762246,109.93399810791016,1128700,0.0,0.0,-1.721086800301841
447,2023-10-30 04:00:00+00:00,111.00576107874402,112.36530154660126,110.65346877043989,112.16682434082033,1271600,0.0,0.0,2.0310607012750115
448,2023-10-31 04:00:00+00:00,112.25614016821956,112.64316125279264,110.3210271742228,112.0576629638672,1942000,0.0,0.0,-0.0973205558725931
449,2023-11-01 04:00:00+00:00,112.72253585752372,114.49886695084751,111.9683452526266,113.97291564941406,2751300,0.0,0.0,1.709167079599383
450,2023-11-02 04:00:00+00:00,114.03245709737588,116.9996208973538,113.50649825015353,116.2950439453125,1894600,0.0,0.0,2.0374387043334163
451,2023-11-03 04:00:00+00:00,117.74390782614744,117.763751760979,115.95765084606028,116.17597198486328,1853200,0.0,0.0,-0.1023878201595662
452,2023-11-06 05:00:00+00:00,118.08131013223723,124.66465110705605,117.15841193549753,123.77748107910156,2530800,0.0,0.0,6.543099200606384
453,2023-11-07 05:00:00+00:00,123.4896818386278,124.0196004076105,117.75382362358869,118.95458221435548,2271500,0.0,0.0,-3.8964267350568793
454,2023-11-08 05:00:00+00:00,119.50037945496238,120.55228963694988,118.05648912476356,120.25457763671876,1730200,0.0,0.0,1.0928502275101115
455,2023-11-09 05:00:00+00:00,120.66144621079316,123.40533761427332,119.59961781609682,119.70877838134766,1603200,0.0,0.0,-0.4538698368888094
456,2023-11-10 05:00:00+00:00,120.52251668676952,121.78778137626873,120.4490842877709,120.84007263183594,1219700,0.0,0.0,0.9450386728401704
457,2023-11-13 05:00:00+00:00,120.4530512297312,121.30251697673924,119.98664685164124,120.79045867919922,891600,0.0,0.0,-0.0410575329492512
458,2023-11-14 05:00:00+00:00,123.10266399695246,125.74234630080454,122.4377748664409,125.55379486083984,1433300,0.0,0.0,3.9434705635908784
459,2023-11-15 05:00:00+00:00,125.61334681474584,126.26830264785146,120.76069094201456,121.0583953857422,1982200,0.0,0.0,-3.5804568711604534
460,2023-11-16 05:00:00+00:00,122.34350247342378,123.16907427074564,120.861457291867,121.02059936523438,1474500,0.282,0.0,-0.0312213129765925
461,2023-11-17 05:00:00+00:00,121.54776929923936,122.8607236559364,120.9509732441359,121.04049682617188,1487900,0.0,0.0,0.0164413835676446
462,2023-11-20 05:00:00+00:00,121.79643304582696,122.1942996058852,120.83161669267804,121.6273422241211,1041600,0.0,0.0,0.4848339302440108
463,2023-11-21 05:00:00+00:00,122.24403505543398,122.522539369241,121.19963628998428,121.85611724853516,984700,0.0,0.0,0.1880950617111354
464,2023-11-22 05:00:00+00:00,122.24403270038552,123.17901036605753,121.32396677765868,122.5921630859375,1376700,0.0,0.0,0.6040286314893173
465,2023-11-24 05:00:00+00:00,122.41312160759854,123.63655990193048,122.39323169530876,123.19890594482422,532500,0.0,0.0,0.4949279330860534
466,2023-11-27 05:00:00+00:00,123.26853570860344,124.71079343596256,122.71152708374862,124.43228912353516,1073200,0.0,0.0,1.001131600359595
467,2023-11-28 05:00:00+00:00,124.3129365307762,125.8248203613188,123.0994469304951,123.78575897216795,2003000,0.0,0.0,-0.5195839085828657
468,2023-11-29 05:00:00+00:00,122.8905579078226,123.27847568519029,119.12078603023554,119.93640899658205,2078800,0.0,0.0,-3.1096872593004865
469,2023-11-30 05:00:00+00:00,119.94635633324516,121.2095820537478,119.87175967555427,120.39395904541016,2650000,0.0,0.0,0.3814938705069437
470,2023-12-01 05:00:00+00:00,119.97620624379876,120.29449797410857,119.01138230198276,119.24015045166016,1454900,0.0,0.0,-0.9583608703446768
471,2023-12-04 05:00:00+00:00,118.3648531521166,118.91192063492778,117.4199266876322,118.2852783203125,1946900,0.0,0.0,-0.8007974895459014
472,2023-12-05 05:00:00+00:00,118.07142380219256,118.30517011642188,115.26647562011404,117.67852783203124,1805900,0.0,0.0,-0.5129552019467742
473,2023-12-06 05:00:00+00:00,118.70302384188608,119.03126430125933,111.62103141617256,112.02883911132812,2629800,0.0,0.0,-4.800951222611493
474,2023-12-07 05:00:00+00:00,112.6554802634687,112.83451982240106,108.86581086417928,109.94004821777344,3497000,0.0,0.0,-1.864511772258004
475,2023-12-08 05:00:00+00:00,109.40293499931438,111.01429111009948,109.06475336483228,110.61642456054688,2627300,0.0,0.0,0.6152228907828405
476,2023-12-11 05:00:00+00:00,110.95461347885238,115.67926071870956,110.07930555450692,115.53005981445312,2582900,0.0,0.0,4.442048523469255
477,2023-12-12 05:00:00+00:00,115.54000611483612,115.77872300338014,113.24233045082848,113.87891387939452,1846200,0.0,0.0,-1.429191621393111
478,2023-12-13 05:00:00+00:00,113.97838015903253,116.12685495101049,112.92404026408398,115.80856323242188,1731100,0.0,0.0,1.6944746725201298
479,2023-12-14 05:00:00+00:00,116.01744408556988,117.18119749654495,114.75422593316227,114.98299407958984,2456400,0.0,0.0,-0.7128740136212119
480,2023-12-15 05:00:00+00:00,115.05261787701204,120.22486780439355,114.99294055107,118.11618041992188,5714900,0.0,0.0,2.724912814640468
481,2023-12-18 05:00:00+00:00,118.93180150490592,120.8912879542082,118.27532816412474,118.7229232788086,2019800,0.0,0.0,0.5136831014427079
482,2023-12-19 05:00:00+00:00,119.13072646206524,120.40390085980648,118.61847587230211,120.16517639160156,1012700,0.0,0.0,1.214805930448648
483,2023-12-20 05:00:00+00:00,119.19041562708831,119.48383925913828,116.37551877893176,116.38546752929688,1324300,0.0,0.0,-3.145427798472278
484,2023-12-21 05:00:00+00:00,116.86290481706298,117.79789007398024,116.18653395669855,117.67852783203124,904600,0.0,0.0,1.1110152583344357
485,2023-12-22 05:00:00+00:00,114.38619891305773,117.35029679782107,113.41142622678232,114.71443939208984,1188400,0.0,0.0,-2.518801428389883
486,2023-12-26 05:00:00+00:00,114.97304670060376,117.21103755856836,114.97304670060376,116.9424819946289,740700,0.0,0.0,1.942251223425928
487,2023-12-27 05:00:00+00:00,116.65402177691708,117.13146313636062,116.25615524215962,116.79327392578124,541300,0.0,0.0,-0.1275909885806281
488,2023-12-28 05:00:00+00:00,118.07639050954454,118.14601658456228,116.3257822950899,116.48493194580078,559700,0.0,0.0,-0.2640066243681072
489,2023-12-29 05:00:00+00:00,116.10696358888488,116.6440746914996,115.3112305080126,116.26610565185548,849900,0.0,0.0,-0.1878580261755358
490,2024-01-02 05:00:00+00:00,115.77872831643148,116.6043000968447,114.35636049293493,114.6348648071289,1362800,0.0,0.0,-1.4030235515164913
491,2024-01-03 05:00:00+00:00,114.88352854858884,116.54063677918238,114.88352854858884,115.23165893554688,1372400,0.0,0.0,0.5206043810686012
492,2024-01-04 05:00:00+00:00,115.58973964497434,116.48394338502068,114.38619881159748,114.74427795410156,1348900,0.0,0.0,-0.4229575326325174
493,2024-01-05 05:00:00+00:00,114.49560952356164,117.03399035562715,114.49560952356164,115.61957550048828,1729900,0.0,0.0,0.7628245712930859
494,2024-01-08 05:00:00+00:00,115.56984445890129,116.53466834947774,114.41603225488365,116.40535736083984,1351700,0.0,0.0,0.6796270068888388
495,2024-01-09 05:00:00+00:00,115.81851178127712,116.30589431449503,114.5552860709693,115.86824035644533,1514000,0.0,0.0,-0.4614194883913569
496,2024-01-10 05:00:00+00:00,115.40074975368744,115.8085650560335,114.35138042313828,115.23165893554688,1090500,0.0,0.0,-0.5494011291965251
497,2024-01-11 05:00:00+00:00,114.38619120852688,114.67464425351956,110.88498243402977,112.3073501586914,1609300,0.0,0.0,-2.5377650585514333
498,2024-01-12 05:00:00+00:00,113.33185135271924,113.8092851185415,112.13825176081784,112.3073501586914,1556900,0.0,0.0,0.0
499,2024-01-16 05:00:00+00:00,111.77023488428368,112.2327493333006,110.70594624591526,111.21321868896484,1417000,0.0,0.0,-0.9742296191482924
500,2024-01-17 05:00:00+00:00,110.63631983019266,111.4022066619776,108.85587293807922,111.3226318359375,1484500,0.0,0.0,0.0983814228762369
501,2024-01-18 05:00:00+00:00,110.77557360934448,111.3027435594293,109.66154879443108,110.81536102294922,1614900,0.0,0.0,-0.4556762669210679
502,2024-01-19 05:00:00+00:00,110.85513891660256,113.99827623856042,110.85513891660256,113.83912658691406,1684200,0.0,0.0,2.728651999192277
503,2024-01-22 05:00:00+00:00,113.84907435479168,116.74851659339625,113.7197709554497,116.58439636230467,1876700,0.0,0.0,2.411534467716292
504,2024-01-23 05:00:00+00:00,117.10163570351288,119.91652520148676,116.53467830343487,118.05651092529295,1929400,0.0,0.0,1.26270290786894
505,2024-01-24 05:00:00+00:00,118.5041003346717,118.88206938685096,114.72437945818584,115.05261993408205,1514600,0.0,0.0,-2.5444517779386167
506,2024-01-25 05:00:00+00:00,117.2707132253582,119.94635025754164,116.41530284669052,119.90657043457033,1425800,0.0,0.0,4.2188961044687945
507,2024-01-26 05:00:00+00:00,119.42914194663442,121.75665645213029,119.42914194663442,120.62273406982422,1558800,0.0,0.0,0.5972680501646677
508,2024-01-29 05:00:00+00:00,120.44368008767316,121.0922004712821,119.36447217143052,120.3641128540039,1801500,0.0,0.0,-0.2144050355139537
509,2024-01-30 05:00:00+00:00,120.68240944804714,121.65717450090594,120.0557671825363,121.2294692993164,1285500,0.0,0.0,0.7189488833454272
510,2024-01-31 05:00:00+00:00,122.12467443023344,123.51720360639938,120.71722592196387,121.34883880615234,1666100,0.0,0.0,0.0984657505521235
511,2024-02-01 05:00:00+00:00,121.34882892109071,127.01840231882008,121.34882892109071,126.9487762451172,1937400,0.0,0.0,4.614743325158988
512,2024-02-02 05:00:00+00:00,126.3321064624254,132.35976733712278,125.75520029884144,129.0177001953125,3781700,0.0,0.0,1.6297313069017385
513,2024-02-05 05:00:00+00:00,127.21734126441204,127.73456244977646,125.1782800078272,126.35198211669922,1878000,0.0,0.0,-2.066164622821365
514,2024-02-06 05:00:00+00:00,127.07808441141292,130.79314190494668,126.51112708421974,130.31072998046875,2656900,0.0,0.0,3.133111010568257
515,2024-02-07 05:00:00+00:00,131.25568975125668,133.08586538161484,130.11181859927217,131.7928009033203,2087600,0.0,0.0,1.1373360605636318
516,2024-02-08 05:00:00+00:00,131.8425274253687,133.25494646137614,129.47522563879542,130.0222930908203,1228700,0.0,0.0,-1.343402523024606
517,2024-02-09 05:00:00+00:00,129.32602030642389,131.80272017592068,129.30612280710463,131.46453857421875,1245300,0.0,0.0,1.109229386064614
518,2024-02-12 05:00:00+00:00,131.1164351028348,131.4844554189903,127.2770291572846,127.82408905029295,1206900,0.0,0.0,-2.7691494325449373
519,2024-02-13 05:00:00+00:00,127.227294921875,128.12248517766125,126.0535927677332,127.227294921875,1503700,0.0,0.0,-0.4668870577150263
520,2024-02-14 05:00:00+00:00,127.61521029802206,128.7441468469833,127.00846552545543,127.98323059082033,1372300,0.0,0.0,0.5941615511117382
521,2024-02-15 05:00:00+00:00,129.2265575596595,130.91748087076974,128.14237901529813,130.79812622070312,1348900,0.0,0.0,2.1994253597820146
522,2024-02-16 05:00:00+00:00,130.55940282881136,131.95193952633386,129.79352358138755,130.45994567871094,1295700,0.0,0.0,-0.2585515188662235
523,2024-02-20 05:00:00+00:00,130.30079402429712,131.35513389871377,128.6993867120192,131.09652709960938,2121200,0.0,0.0,0.4879516219224555
524,2024-02-21 05:00:00+00:00,131.5839032451744,131.8733504140845,129.44538481437507,130.6986541748047,983400,0.0,0.0,-0.3034961593623153
525,2024-02-22 05:00:00+00:00,131.6933181430405,133.34446165112632,130.94732121584653,132.67803955078125,1529900,0.0,0.0,1.514465002316867
526,2024-02-23 05:00:00+00:00,132.77751003071947,133.43397578273044,130.6489327685114,133.27484130859375,2052200,0.0,0.0,0.4498120109651449
527,2024-02-26 05:00:00+00:00,133.9611558510504,134.47838466880097,132.2204962468901,132.5089569091797,1494700,0.0,0.0,-0.5746653996313356
528,2024-02-27 05:00:00+00:00,134.27944539354715,155.8337812143261,134.27944539354715,154.9286346435547,4888300,0.0,0.0,16.919367759978087
529,2024-02-28 05:00:00+00:00,157.63410961826273,170.06739093671928,155.66468210707592,169.91819763183594,8227500,0.0,0.0,9.675140443061302
530,2024-02-29 05:00:00+00:00,170.26632782904852,170.39166235249365,162.4980157508127,167.5509033203125,4536900,0.0,0.0,-1.393196458364443
531,2024-03-01 05:00:00+00:00,166.1484357936236,169.40098677988465,164.16906691206702,169.08270263671875,4554500,0.0,0.0,0.9142292199271872
532,2024-03-04 05:00:00+00:00,172.03684800908718,176.09009502232306,168.71466342824846,175.05067443847656,3818200,0.0,0.0,3.529616991384543
533,2024-03-05 05:00:00+00:00,176.4431935078839,184.5894824225419,174.48370702165994,175.82650756835938,4323800,0.0,0.0,0.4432048790280474
534,2024-03-06 05:00:00+00:00,175.82652006982062,179.8449504790393,174.07590410048587,179.01937866210938,2073600,0.0,0.0,1.815921352193528
535,2024-03-07 05:00:00+00:00,181.13519186707745,181.43418009453745,175.61393878963042,178.9725341796875,1967800,0.353,0.0,-0.0261672690252678
536,2024-03-08 05:00:00+00:00,178.9725274142165,179.2216817264859,167.89014847076874,169.99301147460938,3196900,0.0,0.0,-5.017262981851022
537,2024-03-11 04:00:00+00:00,169.7338858780804,170.3816962319202,165.83710867838005,167.34201049804688,2601700,0.0,0.0,-1.5594764476294154
538,2024-03-12 04:00:00+00:00,166.0065466291836,168.48811390884646,163.64455334893236,167.80044555664062,2617000,0.0,0.0,0.2739509685758756
539,2024-03-13 04:00:00+00:00,170.66074652667868,170.73050182774148,165.87698059660792,167.29217529296875,1639000,0.0,0.0,-0.3029016174455279
540,2024-03-14 04:00:00+00:00,167.28221701690742,167.820383658515,162.7177080363845,164.08306884765625,3012300,0.0,0.0,-1.9182645211544336
541,2024-03-15 04:00:00+00:00,163.62461953919166,167.8203850255156,162.1197329043432,164.96009826660156,4530900,0.0,0.0,0.5345033007394528
542,2024-03-18 04:00:00+00:00,167.1227560608155,170.5012880710377,165.6278301234221,168.26885986328125,2006800,0.0,0.0,2.005795117393916
543,2024-03-19 04:00:00+00:00,168.42832874091673,173.42137608877206,167.69082644226157,171.82679748535156,1922200,0.0,0.0,2.114436161843103
544,2024-03-20 04:00:00+00:00,172.33506034226235,176.17204300009934,172.06697308878054,175.11563110351562,1969200,0.0,0.0,1.9140399904412184
545,2024-03-21 04:00:00+00:00,176.859707177951,177.20851409765947,171.78691372329598,173.5409698486328,2212100,0.0,0.0,-0.8992122776018685
546,2024-03-22 04:00:00+00:00,174.40803921741522,177.7666348777634,173.62569093463244,177.6370849609375,1608100,0.0,0.0,2.360315904582899
547,2024-03-25 04:00:00+00:00,179.39112002986244,188.41050993946524,178.93266936529636,186.6265563964844,3570600,0.0,0.0,5.060582612872588
548,2024-03-26 04:00:00+00:00,189.2576237065394,198.1574243157937,183.85595963641023,184.78282165527344,4228700,0.0,0.0,-0.9879273222477504
549,2024-03-27 04:00:00+00:00,187.443783766374,189.4768763689262,181.72319498498447,184.2645721435547,2452100,0.0,0.0,-0.2804641184046774
550,2024-03-28 04:00:00+00:00,184.4041000032212,186.19801420606552,182.71484156729056,184.22471618652344,2050800,0.0,0.0,-0.0216297449735503
551,2024-04-01 04:00:00+00:00,185.4007097594907,188.17130455707297,182.7796014697312,185.3508758544922,1977500,0.0,0.0,0.6112967311229456
552,2024-04-02 04:00:00+00:00,184.06026784928864,187.73280025108028,183.4971766286943,187.49362182617188,1875500,0.0,0.0,1.156048473901916
553,2024-04-03 04:00:00+00:00,187.8424165402046,192.5564271199691,186.2378621464491,189.61639404296875,2555800,0.0,0.0,1.1321836957018938
554,2024-04-04 04:00:00+00:00,192.78564334853493,194.8386724511901,182.3410988224589,182.49058532714844,3747800,0.0,0.0,-3.758012988162585
555,2024-04-05 04:00:00+00:00,181.7032682562657,194.19088145275128,180.80630358752845,192.42686462402344,4330700,0.0,0.0,5.444817484179998
556,2024-04-08 04:00:00+00:00,194.20583225807343,196.97143913455665,187.47367764748088,191.33058166503903,1663500,0.0,0.0,-0.5697140891041341
557,2024-04-09 04:00:00+00:00,191.9484923153209,194.1809052678845,184.4240288841926,187.46371459960932,1958600,0.0,0.0,-2.0210397270413294
558,2024-04-10 04:00:00+00:00,182.8792784081349,193.17433715918665,181.88266108710965,190.4336395263672,3861900,0.0,0.0,1.5842665515836574
559,2024-04-11 04:00:00+00:00,190.9219880599841,193.6228124920333,189.3572915618456,192.22755432128903,2267300,0.0,0.0,0.942015706565047
560,2024-04-12 04:00:00+00:00,191.31066449726444,192.59629412914364,189.70611002844493,191.02163696289065,1801400,0.0,0.0,-0.6273384492957779
561,2024-04-15 04:00:00+00:00,193.4334492275314,195.3369919312772,184.15494454394343,184.77284240722656,2531500,0.0,0.0,-3.2712496107852096
562,2024-04-16 04:00:00+00:00,184.40410053899217,187.6381188591897,182.49059711945645,186.01861572265625,2982700,0.0,0.0,0.6742188403878524
563,2024-04-17 04:00:00+00:00,187.28432227578008,188.40052879194903,182.0122234194033,184.77284240722656,3282900,0.0,0.0,-0.6697035727257883
564,2024-04-18 04:00:00+00:00,185.5003778352169,187.63114605089365,182.47065281017143,183.2380523681641,1654200,0.0,0.0,-0.8306361579262234
565,2024-04-19 04:00:00+00:00,182.67994595719773,185.3309515062968,177.04904933985517,180.28805541992188,3413600,0.0,0.0,-1.6099259461211934
566,2024-04-22 04:00:00+00:00,180.98570459511643,183.2280934808684,177.60717261553705,182.6002197265625,2327500,0.0,0.0,1.282483357677355
567,2024-04-23 04:00:00+00:00,183.3476841688468,189.1081308919595,183.3476841688468,187.6132049560547,2387300,0.0,0.0,2.745333623912916
568,2024-04-24 04:00:00+00:00,186.09835267551904,193.7125085871922,183.02578882030613,185.53028869628903,2266400,0.0,0.0,-1.110218366694149
569,2024-04-25 04:00:00+00:00,184.9721721062253,189.88449950054857,184.77782443838504,187.3740081787109,2908900,0.0,0.0,0.9937565964983852
570,2024-04-26 04:00:00+00:00,186.282708150202,188.7393812494445,185.00206653069483,187.7327880859375,1826600,0.0,0.0,0.1914779486834605
571,2024-04-29 04:00:00+00:00,187.7925858460349,189.7758596980491,185.5103389772316,187.97198486328125,2205500,0.0,0.0,0.1274134261694648
572,2024-04-30 04:00:00+00:00,187.9719862162472,188.75930717808023,185.08180218054844,185.3110198974609,2173200,0.0,0.0,-1.415617847391326
573,2024-05-01 04:00:00+00:00,185.619985252152,187.568374036304,183.29786495406952,183.93569946289065,2717000,0.0,0.0,-0.7421687254925646
574,2024-05-02 04:00:00+00:00,184.37420030271707,186.54681871494924,182.97894216707928,185.5502014160156,3071000,0.0,0.0,0.8777534528856767
575,2024-05-03 04:00:00+00:00,188.68955888146343,196.602702829582,187.36405602197905,194.2008514404297,3480200,0.0,0.0,4.662161484276028
576,2024-05-06 04:00:00+00:00,197.08106864703169,198.23714835051072,193.46334302630527,197.0312347412109,2708000,0.0,0.0,1.457451540396271
577,2024-05-07 04:00:00+00:00,198.02785251133133,204.38627568878243,196.6824282939329,199.88156127929688,2797300,0.0,0.0,1.446636895835174
578,2024-05-08 04:00:00+00:00,197.86838090086644,207.5654776325951,197.43984278545787,207.29638671875,3992100,0.0,0.0,3.7096095267598495
579,2024-05-09 04:00:00+00:00,204.7350816242919,215.2194997238896,202.313308920402,215.1796417236328,4313500,0.0,0.0,3.802890696584327
580,2024-05-10 04:00:00+00:00,219.7740439744517,219.7740439744517,211.1433347926044,214.20294189453125,2744700,0.0,0.0,-0.4538997375764686
581,2024-05-13 04:00:00+00:00,216.26594593134908,217.93528288723067,211.8708601546357,212.8674774169922,1919300,0.0,0.0,-0.6234575798667708
582,2024-05-14 04:00:00+00:00,213.84418862170213,217.1728868670093,210.05703971167168,217.0034637451172,1951000,0.0,0.0,1.942986490145171
583,2024-05-15 04:00:00+00:00,219.39533612779303,223.9598452764081,219.0166166800507,222.5546112060547,2682200,0.0,0.0,2.5580916383241004
584,2024-05-16 04:00:00+00:00,222.9731703340269,224.0395580778153,215.5085169561968,215.6081695556641,3539800,0.0,0.0,-3.121230161328425
585,2024-05-17 04:00:00+00:00,215.62812061965425,216.97555220335195,209.1999420467733,212.3891143798828,3057300,0.0,0.0,-1.4930116898702273
586,2024-05-20 04:00:00+00:00,213.22626183742744,214.5119066315172,210.43573044048543,214.3424835205078,2326200,0.0,0.0,0.9197124562284164
587,2024-05-21 04:00:00+00:00,215.19956141542548,221.91676733986745,214.7710232855747,221.8370361328125,1881100,0.0,0.0,3.4965315737734315
588,2024-05-22 04:00:00+00:00,221.3487066248193,223.6459021833195,217.1230438323718,219.3654327392578,1573700,0.0,0.0,-1.1141527296979148
589,2024-05-23 04:00:00+00:00,223.0230128909754,227.27857291911167,219.99330306194665,220.4118804931641,2658300,0.0,0.0,0.4770340252969962
590,2024-05-24 04:00:00+00:00,222.55460755636705,235.5006718002109,220.89025848479463,229.849853515625,2670600,0.0,0.0,4.28197109944517
591,2024-05-28 04:00:00+00:00,231.952714797988,233.98580738937773,221.0696557574556,230.48768615722656,2602200,0.0,0.0,0.277499694624872
592,2024-05-29 04:00:00+00:00,226.35836881749168,228.454470584214,218.48303853516845,220.32960510253903,3809400,0.353,0.0,-4.407212039847641
593,2024-05-30 04:00:00+00:00,221.91664810178537,224.87113637017484,219.59097818697293,224.5417633056641,2040800,0.0,0.0,1.9117531668813916
594,2024-05-31 04:00:00+00:00,223.6434208740393,224.06263817425912,207.6132823737773,216.84608459472656,5618300,0.0,0.0,-3.427281676977645
595,2024-06-03 04:00:00+00:00,215.09934779042456,216.7961841468636,203.6706383901032,207.872802734375,4922600,0.0,0.0,-4.138088025486897
596,2024-06-04 04:00:00+00:00,206.6051774177461,208.11236459927875,196.4740387798168,202.7623291015625,4666700,0.0,0.0,-2.458461888996022
597,2024-06-05 04:00:00+00:00,204.1098134407452,212.45427096485832,204.06987928053843,208.94081115722656,4502200,0.0,0.0,3.0471548058462528
598,2024-06-06 04:00:00+00:00,209.110492910086,209.4199141142791,195.8452086769835,202.22332763671875,4842100,0.0,0.0,-3.215017441208723
599,2024-06-07 04:00:00+00:00,201.70429807380336,203.6207266142874,197.15277838635123,197.6318817138672,4558700,0.0,0.0,-2.2704828253542586
600,2024-06-10 04:00:00+00:00,199.15903958935297,214.37071139772243,197.76364369759924,214.23097229003903,5719600,0.0,0.0,8.398994348596101
601,2024-06-11 04:00:00+00:00,210.76741320201447,219.1517897589866,210.0587265386192,217.90411376953125,3701900,0.0,0.0,1.7145706991980925
602,2024-06-12 04:00:00+00:00,220.85861827851144,221.3576886766992,211.7555638588819,217.72445678710932,3137900,0.0,0.0,-0.0824477240534915
603,2024-06-13 04:00:00+00:00,219.90040129004336,219.9503113770532,213.7219071865719,219.52110290527344,2238200,0.0,0.0,0.8251926056799697
604,2024-06-14 04:00:00+00:00,218.3932161296476,218.46307806776247,210.56779569639664,214.50045776367188,2373800,0.0,0.0,-2.2870899768429265
605,2024-06-17 04:00:00+00:00,213.4723753800024,214.32080118141292,208.32198024960323,211.62582397460932,3321100,0.0,0.0,-1.3401527526014312
606,2024-06-18 04:00:00+00:00,212.3943705003608,220.78873814018465,208.72621530739292,220.00021362304688,2714700,0.0,0.0,3.957168123982013
607,2024-06-20 04:00:00+00:00,223.4038851214078,227.34653830511863,218.882293205378,221.8966827392578,3075100,0.0,0.0,0.8620305794158956
608,2024-06-21 04:00:00+00:00,222.58539759172345,224.162461877647,215.33890089298885,217.72445678710932,5513400,0.0,0.0,-1.880256117686574
609,2024-06-24 04:00:00+00:00,217.59470369635503,220.4394111900582,214.9506265328544,215.6982421875,2474100,0.0,0.0,-0.9306325203468412
610,2024-06-25 04:00:00+00:00,216.0974916353536,222.0464177369544,213.78179757835903,221.95657348632807,2305100,0.0,0.0,2.901428975664944
611,2024-06-26 04:00:00+00:00,220.1599255359415,221.7868846978092,207.06430776611512,209.9189910888672,4237000,0.0,0.0,-5.4233953103454136
612,2024-06-27 04:00:00+00:00,207.2040500121512,207.53343831174269,200.88581676817537,204.39927673339844,4733600,0.0,0.0,-2.629449735270517
613,2024-06-28 04:00:00+00:00,204.8683961471692,206.914587802762,199.06920062245263,199.8976593017578,10579100,0.0,0.0,-2.202364657832012
614,2024-07-01 04:00:00+00:00,207.8029390203585,213.192893337196,202.7623248510379,204.6687774658203,4168400,0.0,0.0,2.386780405897704
615,2024-07-02 04:00:00+00:00,203.08173762471523,211.4062283953486,202.72240632085376,205.7667236328125,1905300,0.0,0.0,0.5364502493183432
616,2024-07-03 04:00:00+00:00,204.92828344485648,212.03504100586892,201.6344157871624,209.679443359375,1612700,0.0,0.0,1.9015318208325471
617,2024-07-05 04:00:00+00:00,209.6095760405012,212.36443927122497,207.68317153320697,210.8971710205078,1601600,0.0,0.0,0.5807568169883481
618,2024-07-08 04:00:00+00:00,211.4361752857032,216.02761399670288,210.8572517727123,215.32891845703125,1634400,0.0,0.0,2.1013783234164363
619,2024-07-09 04:00:00+00:00,216.63648090014271,221.95657339732932,214.6601663043074,215.5585021972656,1773200,0.0,0.0,0.1066200220014357
620,2024-07-10 04:00:00+00:00,217.77435193598475,219.55105656791287,213.34261958765987,219.14181518554688,2584300,0.0,0.0,1.6623389714417458
621,2024-07-11 04:00:00+00:00,219.1517880220408,220.13296211817888,214.7899176712104,216.4368438720703,2438200,0.0,0.0,-1.234347407036973
622,2024-07-12 04:00:00+00:00,215.85792880981043,220.72886089777168,211.91229044430185,216.73629760742188,1760700,0.0,0.0,0.1383561735582184
623,2024-07-15 04:00:00+00:00,216.5965577124547,219.24162479050784,211.2445271286107,212.48422241210932,2164300,0.0,0.0,-1.961865752184433
624,2024-07-16 04:00:00+00:00,213.74187840693983,214.61025606213056,203.68061693381048,204.4990997314453,4049600,0.0,0.0,-3.7579838117001607
625,2024-07-17 04:00:00+00:00,201.7542001252566,202.6824637372492,185.4246164046021,186.32293701171875,6748700,0.0,0.0,-8.888138257623668
626,2024-07-18 04:00:00+00:00,190.0160598993693,192.48146890258812,177.73894019995694,186.9318084716797,5484900,0.0,0.0,0.3267828801575057
627,2024-07-19 04:00:00+00:00,187.6704400589117,189.58686859359105,186.0534415840103,188.94805908203125,2827000,0.0,0.0,1.0786022062462486
628,2024-07-22 04:00:00+00:00,191.88260266317656,196.4540895880255,188.2593465006144,190.06597900390625,1868800,0.0,0.0,0.591654620484694
629,2024-07-23 04:00:00+00:00,189.31737316712585,191.8047445513621,187.94992507653905,189.5169982910156,1856600,0.0,0.0,-0.2888369164054216
630,2024-07-24 04:00:00+00:00,187.9399334042952,187.9399334042952,174.3752029471303,174.75450134277344,4910100,0.0,0.0,-7.789537129315116
631,2024-07-25 04:00:00+00:00,176.3714757216096,176.51121482392352,165.56160906626187,170.11312866210938,5542000,0.0,0.0,-2.6559388427770503
632,2024-07-26 04:00:00+00:00,176.21176498932402,176.740793609875,171.1212561961006,174.7145538330078,3469300,0.0,0.0,2.7049206649053525
633,2024-07-29 04:00:00+00:00,175.7226926401691,176.820638392877,170.80984649776912,172.35894775390625,2100100,0.0,0.0,-1.34825979142702
634,2024-07-30 04:00:00+00:00,173.14748507680773,174.704582281487,165.4418369143109,168.37637329101562,3517100,0.0,0.0,-2.310628206304055
635,2024-07-31 04:00:00+00:00,192.9206540412299,196.1346686595813,182.6597677593048,189.44712829589844,7483700,0.0,0.0,12.514080564299167
636,2024-08-01 04:00:00+00:00,187.94193388297072,193.9088163836924,176.2916222250902,177.2398681640625,4482100,0.0,0.0,-6.443623739056815
637,2024-08-02 04:00:00+00:00,174.14562316065968,175.00402484095065,161.13785482656849,166.7693634033203,6099200,0.0,0.0,-5.907533597943182
638,2024-08-05 04:00:00+00:00,155.9495228843624,172.43879780857353,155.31071338645617,169.65399169921875,5430800,0.0,0.0,1.7297111633880702
639,2024-08-06 04:00:00+00:00,173.31716399683057,183.4882209564783,168.07692491492693,180.70339965820312,6322100,0.0,0.0,6.512907741406981
640,2024-08-07 04:00:00+00:00,189.73659052461687,189.73659052461687,176.5711102760124,179.32598876953125,6154900,0.0,0.0,-0.7622495709971311
641,2024-08-08 04:00:00+00:00,182.90931030893032,187.2811720948238,176.09200649268504,186.68228149414065,3338800,0.0,0.0,4.102189969834025
642,2024-08-09 04:00:00+00:00,186.7321920212644,189.74658165238853,182.72965269623856,189.5169982910156,3204000,0.0,0.0,1.5184712626109098
643,2024-08-12 04:00:00+00:00,190.0,190.8300018310547,183.6999969482422,187.3300018310547,2232300,0.353,0.0,-1.1539843284150364
644,2024-08-13 04:00:00+00:00,189.33999633789065,190.8500061035156,187.07000732421875,189.41000366210932,2349000,0.0,0.0,1.1103410082334395
645,2024-08-14 04:00:00+00:00,188.9600067138672,189.88999938964844,182.2100067138672,186.1499938964844,2327900,0.0,0.0,-1.7211391703684795
646,2024-08-15 04:00:00+00:00,186.3999938964844,192.5800018310547,185.4900054931641,190.38999938964844,4241900,0.0,0.0,2.277736036629596
647,2024-08-16 04:00:00+00:00,191.22000122070312,191.3600006103516,185.8300018310547,189.97999572753903,2572300,0.0,0.0,-0.2153493688869079
648,2024-08-19 04:00:00+00:00,189.6100006103516,192.8800048828125,185.5599975585937,192.77999877929688,2025100,0.0,0.0,1.473840991013331
649,2024-08-20 04:00:00+00:00,193.0,193.5,189.63900756835932,190.72000122070312,2507000,0.0,0.0,-1.068574318724902
650,2024-08-21 04:00:00+00:00,191.47999572753903,197.3300018310547,190.97999572753903,196.7400054931641,2404200,0.0,0.0,3.156461951515266
651,2024-08-22 04:00:00+00:00,195.57000732421875,198.80799865722656,194.7100067138672,194.9499969482422,1520300,0.0,0.0,-0.9098345506471484
652,2024-08-23 04:00:00+00:00,195.009994506836,197.3300018310547,192.5200042724609,194.9900054931641,2683300,0.0,0.0,0.0205224650157376
653,2024-08-26 04:00:00+00:00,195.5,197.9900054931641,193.0800018310547,194.88999938964844,1953400,0.0,0.0,-0.0512878099893976
654,2024-08-27 04:00:00+00:00,194.88999938964844,198.3000030517578,193.57000732421875,196.13999938964844,1702400,0.0,0.0,0.6413874513390816
